delta,theta,alpha,beta,lgamma,hgamma,rsn
6.3343340494932425,26.096372080528567,27.957420565539152,31.508654026288056,2.8177690205226877,5.285450257628289,Vis
-0.35724231103491655,24.580658617764996,29.81965780301263,17.884350938727298,13.642481313852118,14.430093637677881,Vis
16.14725485860412,17.461917917391972,18.3875309714937,40.13228198155283,3.0347687397309233,4.836245531226456,Vis
6.840922603947182,14.204257519739244,28.654260943523514,32.68348150974907,6.3769061619631735,11.240171261077817,Vis
19.867447661824343,19.402626661652015,19.575087601376005,35.55308814039012,2.157468613288299,3.4442813214692074,Vis
16.538159231478502,16.647552253799667,20.62204482993197,40.46613969030202,2.9157130470355144,2.8103909474523294,Vis
1.1797322353066872,21.58058867283384,34.30348096509772,12.227867885288667,14.543481245061033,16.164848996412058,Vis
24.929432819227447,18.5319214876706,19.088772633261385,32.90630913528116,1.2931264180426705,3.2504375065167386,Vis
15.199252315221774,23.360004208782918,19.31397061775901,32.963462333656516,6.7323786282607685,2.4309318963190174,Vis
17.28677051111646,20.96437925233327,20.319551093816404,34.20301148542193,2.121382037569508,5.104905619742436,Vis
17.758836990191153,22.35087641024612,19.26832046443314,32.24265374002548,2.7469529119850806,5.632359483119035,Vis
12.540826601513618,10.802417400944599,18.445735253368266,39.104817029271736,14.911250275827287,4.194953439074491,Vis
3.6011459279553715,24.908014127846652,26.474741202247014,26.51470758519262,8.7206213830249,9.78076977373344,Vis
24.718108829230715,15.206945288599186,17.8785888334736,34.3822306919405,4.548386280142661,3.2657400766133486,Vis
15.320949995796465,18.21484154166907,20.40900361351057,38.10730051933188,6.537448484631906,1.4104558450601075,Vis
12.396670406348463,15.683715541130006,27.621546296868217,23.754896469249484,8.669046662173667,11.87412462423016,Vis
21.143043391447875,18.586058855964932,18.40221851874025,34.984570898616504,1.473095739775269,5.411012595455178,Vis
18.920050691034383,19.447704364992187,19.388498954923396,33.74652303466718,5.485120465171992,3.01210248921087,Vis
16.95026993196796,16.352012718359845,18.978148414713907,34.453767278309975,12.821244211804117,0.4445574448441929,Vis
5.965273698191266,11.875240820887354,31.19769936854016,8.809393311168078,19.932105853138964,22.22028694807417,Vis
22.088222988300423,17.314320240112625,17.57377683862041,35.17420967784466,2.1834835804767256,5.665986674645155,Vis
14.87347450671982,17.932488800245128,21.50888548991791,36.492169535986484,2.8246127028387487,6.368368964291907,Vis
21.11452731105204,14.081493365901848,17.80256443163925,34.29848141443779,8.88806353187924,3.81486994508983,Vis
19.795332611269384,24.72903394145152,19.286092723066353,23.59292882614047,11.799739286172612,0.7968726118996683,Vis
24.75925673523034,17.00110919395571,16.911755462693307,26.395889340569596,13.133662235945687,1.7983270316053537,Vis
15.061951018383047,22.282044328066338,23.560022154112044,31.19304274816988,1.7998604807878873,6.10307927048081,Vis
27.320535558055752,14.458100448261458,16.404120608267622,24.438311594230893,15.15708090639613,2.221850884788152,Vis
19.23409744547042,17.405305747038792,15.68635825346667,34.95838889635937,9.137989130540573,3.5778605271241695,Vis
20.110652526155352,15.742351022409556,16.79683597617748,30.565528803239367,13.527935947253125,3.256695724765118,Vis
20.916630723202903,17.911538968064757,21.93609610983527,26.17484838589882,10.324818547381899,2.7360672656163487,Vis
18.168769641992156,19.534851057509524,21.489921600637402,25.830963670995992,11.475768046141207,3.4997259827237177,Vis
52.400085062178135,5.424799958265634,15.599532108730822,19.743418943788672,3.58146394666717,3.2506999803695757,SomMot
36.38869691170739,6.727169166441081,8.55556863219905,44.36406141846094,2.717548339497947,1.2469555316935885,SomMot
40.85931890729647,3.5269081000456586,3.4955678867762656,51.48373651290065,0.610537826718543,0.02393076626242431,SomMot
28.320658309031565,8.371730306630445,2.371240732034903,50.80531177486283,3.6786100965609747,6.452448780879284,SomMot
25.19263955890375,10.018902762544691,11.182630290325674,41.18645775662656,4.812937257265116,7.6064323743342115,SomMot
7.346834837538831,25.053807608168523,15.520230031294405,47.158192604121304,3.520667944612766,1.400266974264187,SomMot
8.301649198410828,26.2534118259869,15.05270376307831,48.520209388440975,0.48817961963247236,1.3838462044505206,SomMot
34.364610494819736,5.95549813767406,6.271052371520086,52.56753154732758,0.6102911309766842,0.23101631768185069,SomMot
20.478749574688806,17.885798177578597,8.494432433904,49.33155100159385,1.6383264366231276,2.171142375611619,SomMot
13.298055910305736,8.502849328163057,8.732781820242934,60.54377008571434,4.81627457386092,4.10626828171301,SomMot
3.689572301710784,17.44780606253093,12.88863132365567,50.27885896934844,9.915461922691353,5.779669420062823,SomMot
5.649930699835423,37.24381447558698,18.04305256889379,33.083045357009816,3.7252873236124815,2.254869575061507,SomMot
2.6791873067486485,33.05702880127432,23.429165265708004,32.37789174874033,5.243044592149905,3.2136822853787836,SomMot
3.606545797073154,24.40329255717863,22.393271601266083,32.39855089716896,8.874367672001009,8.323971475312161,SomMot
4.557256167293742,26.607100430127073,25.26163859797545,37.70833604732311,3.7488027817519263,2.1168659755287074,SomMot
10.431757038998924,21.64396931795038,20.352879834243506,38.577414610131214,6.019588729812462,2.974390468863507,SomMot
6.7220559538693685,24.60128323860401,25.378374455036262,35.35755718536299,4.32928674448957,3.6114424226377886,SomMot
2.880772404256832,13.53551348831413,30.634203044580726,19.77863472012894,21.469311321630595,11.701565021088769,SomMot
6.198265878546612,15.71598719635322,40.86133037155392,25.071262456961126,7.3779198568466775,4.775234239738442,SomMot
14.26928473080321,28.92149996464029,24.03539755495239,18.108413742714443,8.21374440420868,6.451659602680988,SomMot
6.4122139027569345,20.75628581396634,25.353161093717357,21.031060694356853,16.28132485564128,10.165953639561222,SomMot
8.407468345236177,20.87660079303478,25.156876124200455,21.29288946133718,16.612752167762128,7.653413108429291,SomMot
6.637543753325602,25.84622337921777,20.344070819290536,20.86197027268217,18.375723526607104,7.934468248876812,SomMot
9.033047716657157,15.997455721008821,16.14053548550719,24.17243491516815,27.9655322320736,6.690993929585081,SomMot
3.6498001256344628,13.29762866832108,25.763445377070155,20.919161496095533,33.33788266154263,3.032081671336151,SomMot
7.002562303445228,14.276790566973288,23.218837112926625,17.45869975514181,28.09916506497494,9.943945196538106,SomMot
13.875440839238697,16.811833910773206,20.126279879953003,21.61632810859249,25.133247972404632,2.4368692890379773,SomMot
8.622841240183487,12.294522834820784,18.1045061555925,18.999334898355414,33.607888921432725,8.37090594961508,SomMot
12.64565352114621,19.89875121169727,22.72746708062728,17.547062572787738,21.66516874272319,5.515896871018314,SomMot
10.954050012956605,21.17289929002463,29.945905446133477,20.543157012774348,15.453953598767296,1.9300346393436547,SomMot
11.47239840616677,20.293628585764747,17.362394270752198,18.881414126835793,28.14819226774968,3.841972342730822,SomMot
8.472242317288309,29.193657984576387,15.462799069283733,16.59645685912318,27.213166407158173,3.0616773625702183,SomMot
11.93872523170198,14.691033951322774,15.219072129948383,22.759343281909214,33.539331674642796,1.8524937304748494,SomMot
7.784120128071952,16.85806619490314,20.467146449805455,24.091583466357232,28.839021200768123,1.9600625600941044,SomMot
15.228435458792077,22.108503582194576,9.958929670882322,17.842884019961776,32.5516360157499,2.309611252419355,SomMot
15.037982073928443,17.92523097535762,17.44215392476075,19.46697030618722,29.349781251921396,0.7778814678445733,SomMot
24.957387121045556,16.240635481127324,13.721116342021098,18.56718088087499,24.771532059158346,1.7421481157726824,SomMot
24.701671314325534,20.821181902039562,12.419726347208492,41.38134457217401,0.5959739068054819,0.08010195744692752,DorsAttn
5.018140806232167,21.74785907362352,15.529249706629189,55.98337006492795,1.0729809989436248,0.6483993496435612,DorsAttn
4.9928157156892325,18.467184749172446,16.193112611406956,56.755168917860374,1.9736076485001843,1.6181103573707996,DorsAttn
7.9438178258774,19.62614052984236,16.406680663619316,54.13760977363694,0.691765477018473,1.1939857300055097,DorsAttn
13.982049577917527,21.524248164796404,20.78572282302396,34.12502287938873,4.756429884720618,4.826526670152761,DorsAttn
25.208331729156626,27.77772878837389,18.486349561828945,24.924551215159386,2.7201248450646647,0.8829138604164828,DorsAttn
14.98315360189595,28.376990764410653,17.700287635219876,29.24735997439061,6.710929907322615,2.9812781167603006,DorsAttn
12.99735585656471,23.87868449183553,25.171821633657483,27.55280140185765,6.3769830303094865,4.022353585775142,DorsAttn
15.23690650284594,32.91688129860128,19.084341772755923,26.410057678420394,4.8004014624124,1.55141128496406,DorsAttn
17.25570929214292,32.47534475181664,28.44812868973009,14.611801719515109,4.787111290790107,2.4219042560051336,DorsAttn
10.167370128005361,25.251778315336793,21.32554645309903,27.49597504707434,12.479766625823544,3.279563430660933,DorsAttn
14.306698854260693,24.80043203723455,27.19764634790923,20.67610947110248,11.57792768385382,1.4411856056392174,DorsAttn
11.636610750840374,29.651223207403522,16.38861121596225,26.391217801207873,13.356893304953418,2.5754437196325624,DorsAttn
16.62351732636504,28.34877202094112,27.106921536513234,14.843192743170949,8.373070287846614,4.704526085163038,DorsAttn
15.958819028203171,30.379558788232508,15.983282234248165,22.650423140963003,12.836391201575372,2.191525606777785,DorsAttn
15.752060102867638,23.289143708319997,14.846706431643309,23.671914174725693,21.20572416702248,1.234451415420871,DorsAttn
13.414507091673784,23.34568565234206,14.183765301496237,24.931003923362724,23.152339894298148,0.9726981368270395,DorsAttn
10.689464631769427,20.68029718471009,18.794260172737644,51.193135911821706,0.6788323034187234,-2.0359902044576033,DorsAttn
4.783179311602033,13.06757103558498,28.954081931844893,36.3069495298947,10.824272887476738,6.063945303596661,DorsAttn
6.0552609712375105,31.504844993055492,29.980461674703555,24.346669584085422,4.22243046071998,3.8903323161980397,DorsAttn
5.364949675507986,9.51640753860611,31.213102481378556,40.19264040817972,8.399697301667233,5.313202594660392,DorsAttn
6.800634614430972,11.203349716196026,15.267680013332235,58.83386143828957,4.239357016340787,3.65511720141041,DorsAttn
27.504485006291485,8.354816018224168,23.697876882272023,37.232981179691855,2.025639909690446,1.1842010038300175,DorsAttn
6.208912193529156,11.23902991833179,8.469338862819404,53.619429905562264,11.490408351175004,8.972880768582394,SalVentAttn
13.019740814355444,3.0754941992476845,4.331631620662005,26.319885151239937,32.017133094678044,21.23611511981689,SalVentAttn
4.642466504862182,28.053275037271685,17.018200581234268,37.89394435313028,7.839350401516068,4.5527631219855085,SalVentAttn
7.694794666152431,17.98336919551185,17.458348881297603,40.92295437993085,10.76677530381592,5.1737575732913506,SalVentAttn
5.788237019077157,13.679385966272031,8.663370165300222,58.677186305048856,6.498756709881342,6.693063834420392,SalVentAttn
39.00500546901786,13.551132122599146,21.00856304452193,10.522510852389315,6.562624589632906,9.350163921838842,SalVentAttn
40.3440729016371,12.703526988131234,4.157124764507888,24.366912661245635,7.02995650518343,11.398406179294708,SalVentAttn
13.682095145707047,5.5680138960301235,4.239340863487121,55.383317017876834,8.92823874534579,12.198994331553086,SalVentAttn
43.34163201101241,10.687724646257044,3.280779672863886,29.602183564770257,4.707400051297035,8.380280053799364,SalVentAttn
25.723933466459275,22.207460892476725,3.535154045211495,31.05285965638788,6.605474806494257,10.875117132970363,SalVentAttn
35.90239242586595,18.072827915522936,2.566445920253062,24.04395777048167,7.170683446958871,12.243692520917518,SalVentAttn
11.92885268121756,13.682425869457942,5.398164103027789,53.15528073265171,7.523482900891726,8.311793712753266,SalVentAttn
41.401291544370494,8.933439569068739,1.7459498090804229,36.47956115410715,4.4781262906671975,6.961631632705993,SalVentAttn
8.347943046361397,7.668956873524861,9.274630510118186,49.67472925503863,13.18644608178483,11.8472942331721,SalVentAttn
11.102372777170366,30.108527749883287,15.544966965180961,19.837174881222392,11.557445008472154,11.849512618070841,SalVentAttn
36.05606303393243,10.395968992855101,11.033547244589327,46.15033687697537,-1.4188621953244982,-2.2170539530277376,SalVentAttn
5.781771324837443,7.863164588801803,38.17591958394018,27.787270028824107,11.100366363141488,9.291508110454986,SalVentAttn
9.201260076721638,23.558098195962806,27.895042297721577,29.141849671803488,6.231419102704451,3.9723306550860342,SalVentAttn
7.9511275767597285,13.313720053203216,16.145322717039033,40.866333394694244,16.0396530599627,5.683843198341076,SalVentAttn
10.349407526884846,31.707737501981683,29.04111527372527,19.069164756670354,3.2028624900095615,6.629712450728278,SalVentAttn
11.584118629407572,34.11546764854635,18.250089510659844,20.128611111905066,13.76463968085358,2.1570734186275855,SalVentAttn
6.422258029545101,17.07888633658295,25.364415933552742,25.847309105248918,24.253623120582823,1.0335074744874653,SalVentAttn
2.4580110062341283,71.22605264693459,5.596918042582666,18.94513910155227,1.1748217027171441,0.5990574999792063,Limbic
19.4637596823436,5.23483418595401,39.98471907942869,15.015311450249689,11.331619278336513,8.9697563236875,Limbic
35.75657055341735,33.425812396042986,13.71457333105442,2.126846505238587,9.336777744117459,5.639419470129194,Limbic
15.053089293148913,5.889031750678166,-2.5835173853080864,75.81701262047565,4.1867905163876795,1.637593204617662,Limbic
25.325393017489734,22.223334360351128,18.561008343236352,6.227378754624291,12.8304219944937,14.832463529804793,Limbic
0.8273753228570144,16.72116640912419,30.683723747073806,12.185962007157524,24.19339421562421,15.388378298163255,Limbic
17.7878875190618,11.78480311354768,43.34597475890618,3.551500736609261,13.844170624719073,9.685663247156002,Limbic
9.398699794217556,26.41496252951512,48.65305334857014,12.140476180109584,2.1045238143048683,1.2882843332827278,Limbic
1.9565260310740664,16.976774621896674,10.45642485344164,41.61410583686588,16.4931378858318,12.50303077088994,Limbic
2.344585022733302,26.38487710080745,34.42646177744024,32.21789421337489,2.9843229347946267,1.6418589508494927,Limbic
25.982128004141824,51.938760294231756,11.531855988843319,5.27719307210884,3.3135204065990305,1.956542234075237,Limbic
2.8986305607164766,24.416641085952644,55.77929884443942,4.0355306259733,8.750745087058167,4.119153795859992,Limbic
-0.2175299783997058,29.029923486796932,15.290183963552712,4.837620690122555,27.46282772951232,23.59697410841519,Limbic
13.139188814710117,19.561612283347745,11.596523340646678,49.951184020067224,3.949523643231154,1.801967897997083,Cont
9.724098607756627,12.356420875976056,12.285590567245464,36.194610715412914,18.313579633829363,11.125699599779582,Cont
16.4132586613628,34.31077959605146,30.292282608782017,6.6932425232577115,3.4902777367631197,8.80015887378289,Cont
24.78523103638322,21.175388376280548,9.39083132842526,24.421954249792602,9.926034893356125,10.300560115762254,Cont
13.759412229728882,29.395107324851622,17.800173468504788,25.883891859437576,6.349630612470982,6.811784505006141,Cont
23.68073047789303,25.47292350301223,16.07597199595997,27.02268213918581,3.9716285079726408,3.776063375976323,Cont
9.146475399038904,14.526316252054169,11.044102800508108,65.53787908549492,0.04289125309045434,-0.29766479018657166,Cont
8.177926421736702,13.539770238935706,8.434531721861498,69.94648570439477,0.40272071316356456,-0.5014348000922251,Cont
3.911472520893014,14.073797207594376,14.753258890097797,49.904478077164825,9.68789320375264,7.6691001004973405,Cont
5.689412459672104,18.846536253274124,11.325910223856132,52.59145805103992,4.198167147338946,7.348515864818777,Cont
2.39213381254395,2.9702014848069282,5.658791216139594,84.75573029455312,2.77847981023445,1.4446633817219576,Cont
0.2676144981637052,2.7376667870700384,1.7015464310298236,55.54394525907065,23.080517208484906,16.668709816180876,Cont
12.84353220503521,9.89669118789575,7.76398886130461,56.964095108777855,5.265379940007215,7.266312696979356,Cont
5.267925391503343,12.161079423398768,23.01787014904157,50.203671426273836,4.683243557053161,4.666210052729323,Cont
6.014069048015023,7.416583533637304,6.140582012922758,71.66886630995775,3.9650386803857374,4.794860415081435,Cont
13.156740191065698,3.3135802055454167,3.3349227270735478,78.43071982299101,0.6390149044153226,1.1250221489090118,Cont
10.092057384485944,1.210647540679424,65.53325717651282,20.907191620664957,1.604281478494135,0.6525647991627221,Cont
13.84197965251861,19.47087851064145,13.323708943947102,37.70082086877548,10.900191897213793,4.762420126903563,Cont
16.351080516942474,21.071764610343813,16.467119751768415,29.668154628536474,8.895934527987436,7.545945964421392,Cont
16.284887909914087,11.87871519640313,12.236467697998739,59.66862806638085,0.25500195378639173,-0.32370082448319376,Cont
3.3942496549852876,15.164658733788459,16.881008573280447,1.426050488988219,39.62019506943794,23.51383747951965,Cont
14.440008856532103,27.845458043696464,2.3505806410089227,45.2431916608901,6.8164470307867635,3.304313767085651,Cont
39.30608622246192,35.857329533222014,7.953485233185355,1.4528390666111102,7.252324032831692,8.177935911687907,Default
32.74573701786818,34.57131013021269,7.999598672995326,0.23725655705834547,8.702143023613813,15.743954598251653,Default
23.129229430932845,20.662056820927035,21.677569085960048,32.75701261992419,0.9031602368296322,0.8709718054262445,Default
20.446963732019377,42.538915489448186,17.02454699170141,3.1750576808894864,6.011822173631166,10.802693932310369,Default
39.89398253648564,7.578498728672267,28.528713715210007,7.714522970792405,6.946928830492636,9.337353218347042,Default
49.49576403150463,26.60422608014899,9.909157295010687,4.81944495900525,5.1316421629981255,4.039765471332323,Default
-1.4766007238676584,45.44929343011439,25.85079482413856,4.781930236975322,16.145538058452864,9.249044174186523,Default
27.2364304523117,10.441653595399055,33.478067409733434,22.6633665068477,3.4525579371973056,2.727924098510801,Default
33.36195798054612,18.08148394267252,20.801867433648024,18.88622866406915,5.480566149961204,3.387895829102966,Default
2.6628582681069233,34.32166690444173,13.234736653614979,9.985449419424844,25.59418195417057,14.20110680024095,Default
2.2510423963843698,25.46196852412009,19.059033094860094,47.92397583080114,3.8782493259205513,1.4257308279137537,Default
13.680618614689038,55.70008170670958,21.42661368121396,20.283174869727368,-6.327025290854,-4.763463581485956,Default
15.778115919596466,23.626342370332427,11.459072818729785,35.039851741016456,5.370137179437649,8.726479970887219,Default
61.37116743593989,18.25574211726008,13.590160082024061,2.802044478524018,4.403009420053549,-0.42212353380160306,Default
60.68143974661273,40.03038578118493,19.55602207933495,-3.2470917830035395,-8.625315608013638,-8.395440216115425,Default
69.44536352530433,2.536448150961707,3.2024948533742714,5.888496338348816,13.705088639537836,5.2221084924730405,Default
38.608316472428875,10.896229506593295,20.163808881929924,-0.14718069793827396,19.708646758194277,10.770179078791905,Default
51.843761480514736,38.6502846002273,-2.8137007447039455,11.749850961473081,1.4614614776092096,-0.891657775120391,Default
1.57536851518275,8.199611647002413,22.380283259552343,55.137072612221935,6.433267642326483,6.274396323714083,Default
17.20559930607753,24.642537234891403,31.109325402148468,14.186990390806601,5.0729512824717755,7.782596383604217,Default
36.20480533440124,17.64336634420596,-1.4011241479821095,17.05736159834806,16.809944130603867,13.685646740422976,Default
23.291511796359774,13.703275810029163,9.380622853008221,9.403737215416369,25.471434946636233,18.74941737855024,Default
28.27525726328223,15.452411032900198,10.547775031911707,19.65599461036517,10.854452685103833,15.214109376436854,Default
0.9229576458707722,8.7118675977545,13.325907460459144,23.882332628130296,32.24533225857157,20.91160240921371,Default
7.189050140997859,21.713463215374205,25.35834853622695,7.4520054888241845,10.249975426758528,28.037157191818274,Default
24.677331498831,36.24346836367489,-1.3170318293208647,8.26399653172271,9.726988796850668,22.405246638241607,Default
16.815922055098888,3.706063774622464,13.314447336558727,7.943023999403814,34.03079097344046,24.18975186087564,Default
5.36646526599856,18.299091571028526,36.86016425484668,6.643184508897009,15.710124951825902,17.12096944740332,Default
-0.05770939178418263,12.996063610081162,49.41927486138251,5.898269479758193,15.02563864515313,16.718462795409177,Default
7.705206862907378,33.445198782625425,49.02837684471821,7.953621135858549,2.2873417204251503,-0.4197453465347055,Default
0.5171553625185232,17.640980421017023,50.183583286039735,6.004240858928601,10.498700520199177,15.155339551296942,Default
61.72437119400009,-0.5410278253764547,11.61370145449643,25.856839598145605,-3.813905153222888,5.1600207319572124,Default
1.1702484111984417,7.6606609231854375,12.478512889331123,9.19585905313894,25.7211525047714,43.77356621837466,Default
49.21572494759473,9.363807441205452,18.28934142234476,19.21980726528663,3.098773614264271,0.8125453093041515,Default
11.849154735238088,34.993725108773724,23.879424205758284,23.222556349069393,3.663611278547903,2.391528322612604,Default
17.41292537810544,20.96633081295465,19.287425787805677,12.191080569439944,8.724181992668601,21.41805545902569,Default
39.03214039033959,0.035116480536030344,-11.56299985898932,18.628484879233735,17.970379654207697,35.896878454672255,Default
12.434120301239902,29.511720705775463,36.473803694955635,9.701315765175329,8.303736264602453,3.575303268251223,Default
5.144229047936267,20.815289632113533,34.949890895652324,9.038169773863691,15.143988807712875,14.90843184272131,Default
74.38474659269784,16.840682388249355,4.44419125272454,2.1854161808916444,5.0957776786425235,-2.950814093205905,Default
5.479261010476838,26.788643392555837,11.569601765381146,40.43480481671912,13.779498375164387,1.9481906397026678,Default
10.892768060260321,9.102579044070296,16.681808309177253,3.6222386655485503,25.107226867252336,34.59337905369124,Default
12.618215545961183,21.46055935255318,14.813443133043002,8.474646734314115,20.72622287302486,21.90691236110366,Default
4.320342842947161,0.7041266237503994,-1.444277051367748,27.471120792619054,36.73711089766262,32.21157589438852,Default
24.028524286207375,3.593692941764247,19.07763303665801,2.459982282442352,22.51918097795814,28.320986474969867,Default
13.874400973464358,8.681637747329571,14.30365040115134,6.075150209269417,26.405790970106906,30.6593696986784,Default
9.325948009813215,3.9850537449168977,-0.8453868541688355,36.90903550503351,21.28268803685417,29.342661557551043,Default
3.29072082275717,3.591310074205061,0.8835776291930341,20.506878030980783,49.82748327602538,21.90003016683858,Default
6.669736900927284,-0.48431054044135524,-0.8474099494650429,7.822679160848946,49.92205651182398,36.91724791630619,Default
-0.8479917315049599,11.564243675984216,22.77636345863512,14.253978476630152,25.007312882518324,27.246093237737153,Default
11.943653945707997,4.630199765570208,2.634605716936765,3.156088773717462,39.6334357817965,38.002016016271064,Default
3.0236006905226196,14.544506061608429,19.253351266183195,5.888654059190896,29.49949918346616,27.7903887390287,Default
4.704428052282034,36.7790860727499,28.186926381181742,21.82908575300573,2.9248615892652956,5.575612151515294,Vis
0.1797275198300667,27.45825119727539,32.80144854840455,23.8042056071262,6.757264308703981,8.999102818659805,Vis
19.75245776895948,23.577457521933578,20.713809093821194,32.09775593605398,0.9323629052994038,2.926156773932356,Vis
17.73630779483635,18.92354864406318,21.227590152945275,37.8399618989583,1.5398588873942296,2.7327326218026635,Vis
11.715721447427455,22.53938678776629,30.445337492823914,26.15887978160259,4.17396994215563,4.966704548224127,Vis
15.258194033423278,21.79975545934919,21.46541405259169,35.61171821711273,1.9312714505891904,3.9336467869339184,Vis
0.9200035387830697,25.640246150906716,34.08239162806873,24.38815065689346,5.478102858879566,9.491105166468472,Vis
13.060963332498346,24.641612296701776,20.588559974610845,33.74585014053926,5.856395015069965,2.1066192405798105,Vis
21.0591379129461,21.745597377178633,19.93437649973619,33.60508682740368,1.021482879343543,2.6343185033918606,Vis
12.545006646152626,19.192141579056127,22.506658045571136,40.20477224889824,3.7445332376922074,1.8068882426296686,Vis
17.602161490768058,25.02441312461533,19.870971414420325,31.43438080374068,1.5504470681861067,4.517626098269497,Vis
14.52475214922904,24.8404338116526,19.250798752836783,36.612635481376685,1.1030994781717203,3.668280326733174,Vis
11.867352019490166,10.569119204592797,25.5129875586043,42.26663235957041,9.33809240842754,0.44581644931479214,Vis
3.635571735977798,24.917089063246582,31.105672799262436,26.561042740950946,4.862290880066885,8.918332780495351,Vis
18.416368049270087,18.542158926434446,20.05824330543009,31.993398156275337,8.94742814235901,2.042403420231031,Vis
15.08593235181655,19.310842451389814,19.000311713271437,41.93412462357654,1.3199474751279832,3.348841384817679,Vis
5.700437150044218,26.48884977774591,27.09981288001967,12.179432824913565,13.82061332579334,14.710854041483303,Vis
14.2882491526562,18.05368536774844,22.203230815159266,33.399861156721514,10.175998277814942,1.878975229899634,Vis
22.473163029771847,21.947413044059115,19.265615242886877,29.472296767764178,1.4585402761378228,5.382971639380168,Vis
17.13395469335361,20.344290958060153,18.968019171969573,35.05534484464749,3.090460995391484,5.407929336577683,Vis
16.05198291203805,18.19239027719184,22.74984687805754,27.50455729208244,15.225426308790398,0.27579633183973856,Vis
16.548639294544973,21.109211855481043,20.619188467030995,34.692693278502276,3.8477784265233654,3.1824886779173527,Vis
21.007048340190615,21.304169501245173,18.39256189016724,22.903944686997317,15.940406062805215,0.45186951859442476,Vis
16.12898711150283,30.19323743839494,20.160518450800698,27.802494315895505,1.2294321672271362,4.485330516178884,Vis
20.581090657711638,20.468589690229148,18.080269999363242,23.11029259746577,16.074518297214375,1.6852387580158268,Vis
18.940597823546852,19.114967375597992,19.132373880433686,28.359731773181014,12.408428339632552,2.0439008076079133,Vis
21.462526123005095,18.84853771445737,18.300400511336957,30.443205980293413,8.202411532418072,2.7429181384890944,Vis
12.324772737750664,26.73902838469524,20.424962636751896,25.685265821776497,11.913132153383962,2.9128382656417444,Vis
16.2759870201166,21.38984452938581,19.455485088462645,23.543504041378764,16.97874834367052,2.3564309769856604,Vis
14.029776199785996,29.28004472266824,20.082028906391148,19.60212483870787,13.90464315526544,3.101382177181315,Vis
35.61091272165314,8.38811358599026,17.625342151014976,19.83169893228372,8.015454674731222,10.52847793432667,SomMot
26.074063482547675,24.45269029206431,17.964989485464542,24.69185179451248,3.9840682717115974,2.8323366736993956,SomMot
28.492391177876435,17.95760035009255,18.086704365555033,36.49307375324573,-0.4288260197057504,-0.6009436270640013,SomMot
30.811554678153513,14.32331634520256,7.533183241910418,43.948449201863234,0.9669695064015796,2.4165270264687075,SomMot
37.59138582599925,8.558262320227623,2.8467198587858693,46.107747438747786,1.5873452998696351,3.308539256369842,SomMot
29.79608800188549,18.713577379285738,7.283310781291642,40.245644751611934,0.975607951917732,2.985771134007468,SomMot
14.45526343302714,32.41660705624479,18.815509896096856,31.287183917629964,1.5762906635408753,1.4491450334603684,SomMot
2.702835638177951,49.294439358040954,18.635472262254556,24.16898972284712,2.752208564199357,2.44605445448006,SomMot
6.7669887307967205,19.40883067596452,25.793178854929987,44.89401196711636,1.726575825256241,1.4104139459361849,SomMot
2.534222334592491,31.76867985007128,20.600643232243517,40.40520220774092,2.8955648159583456,1.7956875593934454,SomMot
10.850395318972222,15.36260537826826,17.900045146493916,54.46695300109173,1.1058280832714307,0.31417307190244914,SomMot
16.193091676121693,7.190736955478946,10.703617477947509,63.92090511414198,0.7015668222652509,1.2900819540446284,SomMot
6.084431174962425,25.12226593762637,20.416240825751945,44.023451532295645,2.7684762369790348,1.585134292384581,SomMot
3.17375925862594,22.328398023876066,19.873774851949612,48.037578345788326,4.271353923449859,2.3151355963101885,SomMot
4.568101876898028,30.184387938436956,23.138458847530575,35.53533710519237,4.138461877834323,2.4352523541077558,SomMot
3.090348968375747,38.390643936970534,23.445355736763272,25.83756028328897,5.901234924266578,3.334856150334896,SomMot
6.141643277503276,44.68547789379624,19.868399185735054,22.38556808977025,4.408585126327658,2.510326426867521,SomMot
2.8040371744169907,36.880586354369925,28.034851242580196,19.563117209633358,8.443569331124772,4.273838687874757,SomMot
9.147829680156832,27.518392414444627,26.407418569828895,25.55603099444412,6.908143463368538,4.462184877756989,SomMot
4.391095530564488,16.021961499897934,44.66055551476217,18.8207734379192,9.006647195038365,7.098966821817833,SomMot
7.328415738810551,27.815451557757044,34.92657682696007,22.220611940790217,4.259684386062513,3.4492595496196046,SomMot
2.947503840044021,52.450032299592294,24.259325532135367,16.490569295629573,2.7404961103558714,1.1120729222428767,SomMot
8.69370209788235,27.397922823462036,20.704143854210365,17.81143526358949,16.98686094149755,8.405935019358212,SomMot
3.519923465009478,11.360247835187954,30.1310535659801,23.05653045904083,20.296172793648303,11.636071881133335,SomMot
9.0000482610733,24.828380671014493,23.195618432482863,18.164652182592448,15.433675674428295,9.377624778408597,SomMot
8.984873472273001,20.95674192389256,19.934311713238312,18.02674204562555,24.36530389775432,7.732026947216257,SomMot
13.251622724019246,30.684413450496024,17.18852678666355,16.817769213969736,20.213029706174236,1.8446381186772123,SomMot
20.997518655598093,24.713004924838295,15.620424042553898,17.797493391595452,19.73934947573774,1.1322095096765257,SomMot
9.016015056555204,19.898864900470137,15.119253428532883,17.53142656125747,31.517639903163797,6.916800150020512,SomMot
8.667061614670892,14.540367258500225,16.786129413795255,24.605874482976947,28.366169434045258,7.034397796011427,SomMot
7.859026392229901,23.00157230901325,18.51889953615949,18.72324053513605,25.026297530607668,6.870963696853634,SomMot
14.059537579951865,17.1676876838559,15.848772943941253,19.727291233234922,29.977837007753344,3.2188735512627216,SomMot
8.018522226083007,34.678696702837485,14.459183400854236,16.161974039522654,24.856848359722328,1.824775270980291,SomMot
10.698165272378347,24.904255033323842,10.598875682187938,15.664091254585447,35.89727915202652,2.2373336054979043,SomMot
8.79625591832407,24.915284475227477,16.842780068424723,17.87412144408143,30.158773528788473,1.4127845651538273,SomMot
8.484571706000295,24.019851948488533,20.57748165442129,21.353832061342345,24.38754054388312,1.1767220858644145,SomMot
19.265504353905047,22.01352170904747,14.031249643473437,24.433267381444722,18.37012798713694,1.886328924992389,SomMot
11.153830677968969,15.91652125895964,16.782959536356643,19.50404755758997,30.281582492015502,6.3610584771092755,SomMot
9.149567465050028,22.12477815115109,14.262917607585187,18.781639919561634,32.58435336091153,3.096743495740528,SomMot
11.085773897771908,24.3622288932741,14.977057783506606,17.664744803937573,26.161664832830244,5.748529788679572,SomMot
5.112923802130136,34.05348530275813,20.99733448657308,38.77338437305618,0.399711255237581,0.6631607802448821,DorsAttn
6.6217923055497385,30.299669230474375,15.824638777595123,45.47082291472696,0.9717093524756699,0.8113674191781359,DorsAttn
11.533517562523924,33.496622689442134,17.13340603126781,35.28578601599134,1.6737568197486397,0.8769108810261668,DorsAttn
14.054993421697185,23.75788467868176,17.19401567614057,39.855950898171606,2.1665558013740656,2.970599523934816,DorsAttn
13.750896179554498,33.471263585196795,17.90518247801899,24.51885092407757,7.163754228594146,3.190052604557985,DorsAttn
18.288795485763202,27.013319289130255,22.853249356992293,24.936505680785295,4.85676910115173,2.051361086177226,DorsAttn
12.751506368301499,25.882818527550732,16.022238070851962,30.842343096938684,10.859108094204935,3.6419858421521796,DorsAttn
12.240414288350589,31.020751933580513,21.505650223180385,29.325677638746196,4.386721972054884,1.5207839440874202,DorsAttn
9.170756163679602,28.628258661908067,24.774596024784813,24.35703352381172,7.582821428676651,5.486534197139148,DorsAttn
22.660742424270957,24.539677017350265,17.83294895735585,22.722977856823164,8.359651532254146,3.8840022119456155,DorsAttn
27.08239776865014,25.041086303122356,16.699694993616056,21.266610381253777,6.870977383876994,3.039233169480684,DorsAttn
13.70180591796305,33.273358731082126,16.109125011556106,20.78022310830422,14.616042180744367,1.5194450503501324,DorsAttn
12.301319259896133,21.484426605720845,21.70267136129945,23.872241776480287,16.04728727033536,4.5920537262679355,DorsAttn
12.98297025434132,33.89149764220047,27.461963412705927,18.11189402116131,6.135811982425346,1.41586268716563,DorsAttn
11.345322940683914,21.81369292389648,15.748706627021633,37.489444485667065,10.644566565583165,2.958266457147747,DorsAttn
15.239229767312896,33.59499574882772,25.56759769215343,15.740157323416746,6.794752683668695,3.063266784620511,DorsAttn
12.925854897003283,29.58300443708811,21.12141693346377,22.69185306015894,12.05516893932065,1.6227017329652447,DorsAttn
14.413904292290647,26.337211236496888,18.837259663515034,25.841615834874133,13.229681492957498,1.340327479865802,DorsAttn
16.41254241673264,26.629624240568106,15.233336139530152,20.97175645641943,18.95284715344147,1.7998935933081943,DorsAttn
10.492082102236006,53.969784986980976,17.77796405225584,14.577188355267051,1.6057161093262342,1.577264393933896,DorsAttn
4.661803525090645,22.062264111590455,47.0982735634426,20.99678497478294,2.2764691279676104,2.9044046971257393,DorsAttn
4.795177477992937,26.578877667089817,35.1547292039348,18.18297418789036,11.465552407580153,3.822689055511931,DorsAttn
3.8796676040304687,23.369353394216166,27.2461382240552,38.17354853858571,3.1746644909291106,4.156627748183345,DorsAttn
5.084682873606339,26.57097956582564,16.971666241715454,39.70039900741696,7.363694155935409,4.308578155500207,SalVentAttn
4.7349192548920644,37.747742168590065,17.05704277405008,26.803579956326157,7.390499710875957,6.266216135265666,SalVentAttn
7.8744097135579905,30.1229209239147,21.097389025636915,29.59354848669204,7.676400317139002,3.6353315330593516,SalVentAttn
5.909204330639117,29.649097272424175,14.625140503099093,34.86613270395992,10.054179130406647,4.896246059471055,SalVentAttn
12.578227210899232,27.689168553043537,18.25310914592839,30.383290810468477,7.443789973450887,3.6524143062094727,SalVentAttn
5.83814531690215,34.218454614673384,18.831551667382254,26.2353031120869,10.129198403820688,4.747346885134629,SalVentAttn
3.4021803795978336,37.6558205520706,20.964255047890237,27.80446176555511,4.649593733608417,5.523688521277801,SalVentAttn
8.652590059362668,14.650486844003277,53.35783102946377,22.98335889409627,0.3431674816668959,0.012565691407139794,SalVentAttn
55.77755064885817,3.2377590356586725,15.788190046574604,5.596808656799492,7.331029254980555,12.26866235712851,SalVentAttn
13.6706457116678,4.590505823209377,3.240455190763835,50.58951130042551,10.624519500036465,17.284362473897026,SalVentAttn
38.86023850961715,3.618354564397255,8.878286236237297,35.977751641342614,5.020504873593747,7.644864174811934,SalVentAttn
24.347065737499133,2.447728494090309,4.667088671553508,55.752941937430336,4.959530154535522,7.825645004891191,SalVentAttn
6.600418461248432,24.565626849011164,1.4849485398688804,51.52000671802512,5.706121114577285,10.12287831726911,SalVentAttn
41.42887580540177,3.6225804468766354,0.2934157075495581,29.773950657123134,9.370271799594667,15.51090558345423,SalVentAttn
36.282007080021316,2.0139520618814744,-0.9318152093383599,42.368380253177286,7.121535595115779,13.145940219142501,SalVentAttn
4.158612547161278,12.69308936142662,13.508111353311673,57.054087466693424,5.370440901342168,7.215658370064827,SalVentAttn
20.90424402301283,16.249744360614347,7.7892457600454765,55.22258858483501,0.35692508943554496,-0.5227478179432038,SalVentAttn
55.49345792915533,0.3424364442573343,2.6931329130853587,42.82226105708468,0.005773775155148212,-1.3570621187378553,SalVentAttn
3.6832228057980454,7.594069558817637,44.075837825124545,25.713416854702825,11.241145505108978,7.692307450447962,SalVentAttn
2.791841377924183,29.089544551153963,38.90582664279102,22.16797786216442,2.1473094693293184,4.897500096637099,SalVentAttn
15.712678604362715,2.8688548626730874,21.97556269464568,38.9045640359857,19.87961009480352,0.6587297075292938,SalVentAttn
14.075670992975747,30.18972616612603,29.398443755640518,18.44105752561641,4.401084056544786,3.494017503096515,SalVentAttn
11.115500873569925,29.29605962002779,14.201242462295003,18.083193904121458,17.153848226354988,10.15015491363083,SalVentAttn
3.5997525019230396,9.52531332307933,37.909836569064026,18.813802926085483,28.94303952034844,1.2082551594996838,SalVentAttn
8.481812950553083,6.7051769370423955,24.06774588201977,32.58068309799796,28.601441788537652,-0.43686065615086717,SalVentAttn
-7.329975734737159,3.549388710319721,2.4691603271097766,93.56527727325847,6.955264746356144,0.7908846776930502,Limbic
3.255587213754754,24.43685633864166,29.402836018453225,2.7108032660266352,16.344965694255976,23.848951468867742,Limbic
61.03172286554337,29.565892355598677,2.360759969647565,1.9550943683780093,3.922977836100302,1.163552604732082,Limbic
27.561133193297998,-1.758475341354417,23.718973911644756,49.320988551975105,-0.05727044108128504,1.21465012551783,Limbic
34.69486383707849,5.17035073131291,-0.8577433276235825,56.38799056630466,2.9257856220707272,1.678752570856797,Limbic
7.832330468551439,37.39821205338827,35.65455572212552,10.371011008817554,3.046308196863773,5.697582550253449,Limbic
16.27110546892511,14.329975853112261,40.018634079433326,18.938253617494347,4.580991942705657,5.861039038329285,Limbic
-0.7240912579620211,9.82880307999903,4.573153851405642,1.5763207292086765,54.15967485947101,30.586138737877675,Limbic
49.60578217732463,4.945255350179003,4.51782645956957,29.58118177053242,7.72288864039548,3.627065601998901,Limbic
10.644247927401196,26.925063925617803,28.41349190427424,31.795550457547613,1.2875959364112737,0.9340498487478736,Limbic
8.479036393097815,14.52410104487383,51.64149604126516,3.224134377577504,10.805153515704568,11.326078627481136,Limbic
5.98852024469111,38.780604141166464,15.62026379722295,38.6691479140136,0.5306639702012851,0.4107999327045859,Limbic
1.676013387853386,16.0012948221986,32.27529641949577,14.723612366885558,20.952758927719888,14.371024075846803,Limbic
50.95625157429805,2.9532875258774007,16.004679175493063,18.76842259185216,7.990016002048304,3.327343130431024,Cont
32.75230891019921,16.58269738189665,12.831109467979115,19.67108461986474,9.194687488835754,8.968112131224524,Cont
21.696489868241265,20.551864981941137,14.614457744885707,33.9120176678896,5.620263080202362,3.6049066568399333,Cont
5.864069297891706,42.91563993246898,17.607915854968137,26.635365047682384,4.250872970189862,2.72613689679893,Cont
22.803925724189824,19.137990948588136,12.94445808054398,38.641090255364766,4.009635336246106,2.4628996550671856,Cont
21.24435685134315,21.424021908937526,12.130076023398553,27.70975956058968,8.52346035956035,8.968325296170743,Cont
39.239731791407486,9.114220681316262,10.667269502564428,41.05346277142345,-0.5024974112340844,0.4278126645224597,Cont
28.060494999238962,19.892155136721602,16.511917489218657,34.559888278447,0.9253192177745888,0.05022487859918342,Cont
-0.197622274022857,11.845066125893489,0.8974010749025159,65.09254847958064,11.448609649536396,10.913996944109831,Cont
-2.399428487241607,3.3577294218763076,0.3352131439588343,97.141399562357,-0.11938774130564851,1.684474100355124,Cont
4.426924727040752,12.320716986937546,6.448082999131738,64.96857595724578,4.4891701109033875,7.346529218740808,Cont
2.4084622848463857,17.240480133773563,22.730404636239374,34.41682694550165,9.50079975329988,13.703026246339137,Cont
12.687674424188645,30.70653421270021,3.410988742674849,43.519914250681595,3.6017370226911516,6.07315134706355,Cont
3.6558791495403558,6.2814992800588945,1.4827839020168228,84.00431805648635,2.052475060167689,2.523044551729881,Cont
4.648129805302851,26.452717556725403,26.31098811927729,32.56209618253747,6.074974335423747,3.9510940007332316,Cont
11.77418798930191,3.596715630320345,21.643767120626173,29.99713526379052,13.184598247916417,19.803595748044632,Cont
0.8640149628923961,8.988815363126006,-0.937974097349177,59.452051482892685,9.557617990603434,22.075474297834653,Cont
8.674572900663694,25.595501504864536,13.693634678131698,48.74331308842446,1.7350461841094973,1.5579316438061128,Cont
1.2617116262437817,9.312497927956402,28.101168401055503,34.47436424687827,12.0897892494969,14.76046854836914,Cont
3.5098965346068067,13.774196153146082,23.846227614948127,45.7080464388951,4.904906582301774,8.256726676102115,Cont
27.9139050661958,58.119029893250726,3.050365442140239,7.669148231315234,0.7298860432255265,2.517665323872477,Cont
17.693355807018328,14.697746044323228,19.75155626248087,25.030096629051503,8.267285219619462,14.559960037506608,Cont
6.319011789901953,21.285643853599794,8.895622478131557,32.70464285886131,18.59247722339516,12.202601796110221,Cont
7.540633172301223,15.616286577103706,24.9504421416708,42.92151553018778,5.689477954746731,3.281644623989769,Cont
18.155330218644032,13.833456654049414,24.02508994369141,15.38607089807046,10.939224975774811,17.66082730976987,Cont
13.181623625103,10.199308363761387,14.283080070392165,13.712723866292098,29.25969778308511,19.363566291366237,Cont
10.415491425099422,6.816085875677586,34.538208012632445,1.908193644315493,28.825096367512465,17.496924674762592,Cont
5.280503340317563,16.15742115662921,42.33001215316554,16.131167245252765,12.646904179421812,7.453991925213106,Cont
1.2508582990100936,10.121522301689355,9.833021315700153,43.80910462052447,6.216551638375887,28.76894182470004,Cont
9.015328299524857,40.86686119500029,0.11059397409469646,35.094995334809965,7.978810052823865,6.933411143746325,Cont
8.101004744989256,37.649949224035424,23.851841994670707,21.649031942140585,4.331532021099755,4.416640073064276,Default
13.422102487500146,32.337030720249196,18.385007767377154,27.257804721313324,3.2405604934008734,5.357493810159313,Default
-125.10431472743389,80.20502784030941,81.28565164235057,93.43129164984887,-29.703734450869497,-0.11392195420549268,Default
40.34529708361196,24.824914471677882,15.338466426124322,9.900862799501981,5.07162139907653,4.518837820007322,Default
52.942744081121084,5.255588810269996,3.728779762624998,12.456739223875566,16.69573315563557,8.920414966472777,Default
2.187153025560842,-8.378813481697316,10.647214365793554,21.49954222544172,46.68742435795315,27.357479506948057,Default
55.63456963910534,-5.08390968014858,8.651658182433733,8.776802535408171,11.125800128792045,20.8950791944093,Default
7.583559414784706,1.4179868325575309,45.801468471360806,-2.181222910764337,26.13762642621338,21.24058176584791,Default
-2.032992300201728,22.127650648192514,83.89971978240638,0.44860689825851663,-1.5479308388983604,-2.8950541897573268,Default
66.23180728677622,13.603937229210425,-0.0928558066100077,0.03652213227125178,10.509846429130167,9.710742729221954,Default
19.041602261457776,12.02956755440661,9.05053924715647,9.553338491944007,29.909521730286414,20.415430714748727,Default
42.07589976497136,7.689240559310114,5.067377629221718,-0.6550454817172287,29.1762609478783,16.646266580335737,Default
22.861909881684557,23.758747480181665,6.4434487270148795,4.583519441655018,23.674755564690564,18.67761890477332,Default
44.06619868360204,-2.338100604298485,6.90216203966067,26.1161035467888,12.993256480913743,12.260379853333237,Default
13.201067646166138,21.637121974976203,20.01021351968964,14.609825070349922,11.48332552819903,19.058446260619068,Default
5.570576532837555,-0.41215816847098297,-0.031923957077777954,9.902635889678505,52.589281495070196,32.3815882079625,Default
5.160089486101089,0.7439202608154964,0.008882242265751298,21.546125277861766,38.912407935846,33.62857479710989,Default
35.10033762505467,18.61292794603803,2.2900684788516448,17.577413500247687,13.791986804812122,12.627265644995836,Default
12.315311202280325,24.410449956729487,26.903228311788535,3.809733410954271,9.037355345669331,23.523921772578056,Default
14.08071836250571,43.662547272390086,-1.1906746882509616,6.646499375096823,13.125036835774381,23.675872842483965,Default
11.702286903200537,29.484869469965673,22.68376563053881,6.9944535958332,9.636361529648545,19.49826287081323,Default
14.407889785017543,38.85533730500863,28.38848334305364,7.018086627518115,4.714909849408586,6.615293089993473,Default
12.954307135289472,-14.78162196333545,-1.854039540809494,0.5314922141451361,61.544810215173676,41.60505193953666,Default
3.0392521582131518,37.155977370237366,30.86948143628718,6.967519045479118,16.090977774647985,5.876792215135184,Default
7.529901514103744,37.50904091908044,37.08904481179855,5.9443483484563835,4.787708765497591,7.139955641063292,Default
20.962058803166038,27.418063546648863,40.62604663240815,13.388932452414343,-0.3425762952722246,-2.0525251393651773,Default
15.140899310914287,4.2867482835141155,27.092785036834904,7.28788943110875,19.921724832318134,26.269953105309813,Default
33.50310502690485,16.629583930514002,31.39578265039517,15.3332031376756,1.2082318749982006,1.9300933795121649,Default
18.12501581726102,30.97113314085454,21.39496154862048,7.857276724356923,10.813638498180962,10.837974270726072,Default
3.815281361563294,11.864174328018064,66.31377319504146,16.62419628566599,1.102342974973005,0.2802318547381777,Default
7.476529483448364,25.030722738403277,21.215814932159805,9.61004225410754,15.285832879288948,21.38105771259207,Default
27.64387703239474,5.076406727803242,19.919625801612327,1.9478754740396291,23.516414934395137,21.895800029754923,Default
16.169257728823865,22.637949929593283,22.560863317564365,19.15353476891963,5.787404580165488,13.690989674933371,Default
20.70446775442844,0.5475640102715397,1.8255437965197123,20.07025399816233,34.38207454587066,22.47009589474732,Default
6.8100274038213175,2.7868867363024545,11.893721396003201,3.7877723402006764,44.62369422538491,30.097897898287446,Default
15.588265184538672,-0.15014349000963478,0.5953835023142315,10.208418705808757,50.991299012198056,22.766777085149922,Default
-1.2839951885444596,2.4177592490260187,4.821024415858904,15.234107781457732,57.05608400649433,21.75501973570748,Default
-1.27301525167596,4.793544337213139,12.479254160859075,10.343197995956679,53.239193183055,20.417825574592076,Default
7.084553273566016,19.268816882488025,33.2680109086114,12.600398186342055,14.805592183266217,12.97262856572628,Default
