percent,band
6.3343340494932425,delta
-0.35724231103491655,delta
16.14725485860412,delta
6.840922603947182,delta
19.867447661824343,delta
16.538159231478502,delta
1.1797322353066872,delta
24.929432819227447,delta
15.199252315221774,delta
17.28677051111646,delta
17.758836990191153,delta
12.540826601513618,delta
3.6011459279553715,delta
24.718108829230715,delta
15.320949995796465,delta
12.396670406348463,delta
21.143043391447875,delta
18.920050691034383,delta
16.95026993196796,delta
5.965273698191266,delta
22.088222988300423,delta
14.87347450671982,delta
21.11452731105204,delta
19.795332611269384,delta
24.75925673523034,delta
15.061951018383047,delta
27.320535558055752,delta
19.23409744547042,delta
20.110652526155352,delta
20.916630723202903,delta
18.168769641992156,delta
52.400085062178135,delta
36.38869691170739,delta
40.85931890729647,delta
28.320658309031565,delta
25.19263955890375,delta
7.346834837538831,delta
8.301649198410828,delta
34.364610494819736,delta
20.478749574688806,delta
13.298055910305736,delta
3.689572301710784,delta
5.649930699835423,delta
2.6791873067486485,delta
3.606545797073154,delta
4.557256167293742,delta
10.431757038998924,delta
6.7220559538693685,delta
2.880772404256832,delta
6.198265878546612,delta
14.26928473080321,delta
6.4122139027569345,delta
8.407468345236177,delta
6.637543753325602,delta
9.033047716657157,delta
3.6498001256344628,delta
7.002562303445228,delta
13.875440839238697,delta
8.622841240183487,delta
12.64565352114621,delta
10.954050012956605,delta
11.47239840616677,delta
8.472242317288309,delta
11.93872523170198,delta
7.784120128071952,delta
15.228435458792077,delta
15.037982073928443,delta
24.957387121045556,delta
24.701671314325534,delta
5.018140806232167,delta
4.9928157156892325,delta
7.9438178258774,delta
13.982049577917527,delta
25.208331729156626,delta
14.98315360189595,delta
12.99735585656471,delta
15.23690650284594,delta
17.25570929214292,delta
10.167370128005361,delta
14.306698854260693,delta
11.636610750840374,delta
16.62351732636504,delta
15.958819028203171,delta
15.752060102867638,delta
13.414507091673784,delta
10.689464631769427,delta
4.783179311602033,delta
6.0552609712375105,delta
5.364949675507986,delta
6.800634614430972,delta
27.504485006291485,delta
6.208912193529156,delta
13.019740814355444,delta
4.642466504862182,delta
7.694794666152431,delta
5.788237019077157,delta
39.00500546901786,delta
40.3440729016371,delta
13.682095145707047,delta
43.34163201101241,delta
25.723933466459275,delta
35.90239242586595,delta
11.92885268121756,delta
41.401291544370494,delta
8.347943046361397,delta
11.102372777170366,delta
36.05606303393243,delta
5.781771324837443,delta
9.201260076721638,delta
7.9511275767597285,delta
10.349407526884846,delta
11.584118629407572,delta
6.422258029545101,delta
2.4580110062341283,delta
19.4637596823436,delta
35.75657055341735,delta
15.053089293148913,delta
25.325393017489734,delta
0.8273753228570144,delta
17.7878875190618,delta
9.398699794217556,delta
1.9565260310740664,delta
2.344585022733302,delta
25.982128004141824,delta
2.8986305607164766,delta
-0.2175299783997058,delta
13.139188814710117,delta
9.724098607756627,delta
16.4132586613628,delta
24.78523103638322,delta
13.759412229728882,delta
23.68073047789303,delta
9.146475399038904,delta
8.177926421736702,delta
3.911472520893014,delta
5.689412459672104,delta
2.39213381254395,delta
0.2676144981637052,delta
12.84353220503521,delta
5.267925391503343,delta
6.014069048015023,delta
13.156740191065698,delta
10.092057384485944,delta
13.84197965251861,delta
16.351080516942474,delta
16.284887909914087,delta
3.3942496549852876,delta
14.440008856532103,delta
39.30608622246192,delta
32.74573701786818,delta
23.129229430932845,delta
20.446963732019377,delta
39.89398253648564,delta
49.49576403150463,delta
-1.4766007238676584,delta
27.2364304523117,delta
33.36195798054612,delta
2.6628582681069233,delta
2.2510423963843698,delta
13.680618614689038,delta
15.778115919596466,delta
61.37116743593989,delta
60.68143974661273,delta
69.44536352530433,delta
38.608316472428875,delta
51.843761480514736,delta
1.57536851518275,delta
17.20559930607753,delta
36.20480533440124,delta
23.291511796359774,delta
28.27525726328223,delta
0.9229576458707722,delta
7.189050140997859,delta
24.677331498831,delta
16.815922055098888,delta
5.36646526599856,delta
-0.05770939178418263,delta
7.705206862907378,delta
0.5171553625185232,delta
61.72437119400009,delta
1.1702484111984417,delta
49.21572494759473,delta
11.849154735238088,delta
17.41292537810544,delta
39.03214039033959,delta
12.434120301239902,delta
5.144229047936267,delta
74.38474659269784,delta
5.479261010476838,delta
10.892768060260321,delta
12.618215545961183,delta
4.320342842947161,delta
24.028524286207375,delta
13.874400973464358,delta
9.325948009813215,delta
3.29072082275717,delta
6.669736900927284,delta
-0.8479917315049599,delta
11.943653945707997,delta
3.0236006905226196,delta
4.704428052282034,delta
0.1797275198300667,delta
19.75245776895948,delta
17.73630779483635,delta
11.715721447427455,delta
15.258194033423278,delta
0.9200035387830697,delta
13.060963332498346,delta
21.0591379129461,delta
12.545006646152626,delta
17.602161490768058,delta
14.52475214922904,delta
11.867352019490166,delta
3.635571735977798,delta
18.416368049270087,delta
15.08593235181655,delta
5.700437150044218,delta
14.2882491526562,delta
22.473163029771847,delta
17.13395469335361,delta
16.05198291203805,delta
16.548639294544973,delta
21.007048340190615,delta
16.12898711150283,delta
20.581090657711638,delta
18.940597823546852,delta
21.462526123005095,delta
12.324772737750664,delta
16.2759870201166,delta
14.029776199785996,delta
35.61091272165314,delta
26.074063482547675,delta
28.492391177876435,delta
30.811554678153513,delta
37.59138582599925,delta
29.79608800188549,delta
14.45526343302714,delta
2.702835638177951,delta
6.7669887307967205,delta
2.534222334592491,delta
10.850395318972222,delta
16.193091676121693,delta
6.084431174962425,delta
3.17375925862594,delta
4.568101876898028,delta
3.090348968375747,delta
6.141643277503276,delta
2.8040371744169907,delta
9.147829680156832,delta
4.391095530564488,delta
7.328415738810551,delta
2.947503840044021,delta
8.69370209788235,delta
3.519923465009478,delta
9.0000482610733,delta
8.984873472273001,delta
13.251622724019246,delta
20.997518655598093,delta
9.016015056555204,delta
8.667061614670892,delta
7.859026392229901,delta
14.059537579951865,delta
8.018522226083007,delta
10.698165272378347,delta
8.79625591832407,delta
8.484571706000295,delta
19.265504353905047,delta
11.153830677968969,delta
9.149567465050028,delta
11.085773897771908,delta
5.112923802130136,delta
6.6217923055497385,delta
11.533517562523924,delta
14.054993421697185,delta
13.750896179554498,delta
18.288795485763202,delta
12.751506368301499,delta
12.240414288350589,delta
9.170756163679602,delta
22.660742424270957,delta
27.08239776865014,delta
13.70180591796305,delta
12.301319259896133,delta
12.98297025434132,delta
11.345322940683914,delta
15.239229767312896,delta
12.925854897003283,delta
14.413904292290647,delta
16.41254241673264,delta
10.492082102236006,delta
4.661803525090645,delta
4.795177477992937,delta
3.8796676040304687,delta
5.084682873606339,delta
4.7349192548920644,delta
7.8744097135579905,delta
5.909204330639117,delta
12.578227210899232,delta
5.83814531690215,delta
3.4021803795978336,delta
8.652590059362668,delta
55.77755064885817,delta
13.6706457116678,delta
38.86023850961715,delta
24.347065737499133,delta
6.600418461248432,delta
41.42887580540177,delta
36.282007080021316,delta
4.158612547161278,delta
20.90424402301283,delta
55.49345792915533,delta
3.6832228057980454,delta
2.791841377924183,delta
15.712678604362715,delta
14.075670992975747,delta
11.115500873569925,delta
3.5997525019230396,delta
8.481812950553083,delta
-7.329975734737159,delta
3.255587213754754,delta
61.03172286554337,delta
27.561133193297998,delta
34.69486383707849,delta
7.832330468551439,delta
16.27110546892511,delta
-0.7240912579620211,delta
49.60578217732463,delta
10.644247927401196,delta
8.479036393097815,delta
5.98852024469111,delta
1.676013387853386,delta
50.95625157429805,delta
32.75230891019921,delta
21.696489868241265,delta
5.864069297891706,delta
22.803925724189824,delta
21.24435685134315,delta
39.239731791407486,delta
28.060494999238962,delta
-0.197622274022857,delta
-2.399428487241607,delta
4.426924727040752,delta
2.4084622848463857,delta
12.687674424188645,delta
3.6558791495403558,delta
4.648129805302851,delta
11.77418798930191,delta
0.8640149628923961,delta
8.674572900663694,delta
1.2617116262437817,delta
3.5098965346068067,delta
27.9139050661958,delta
17.693355807018328,delta
6.319011789901953,delta
7.540633172301223,delta
18.155330218644032,delta
13.181623625103,delta
10.415491425099422,delta
5.280503340317563,delta
1.2508582990100936,delta
9.015328299524857,delta
8.101004744989256,delta
13.422102487500146,delta
-125.10431472743389,delta
40.34529708361196,delta
52.942744081121084,delta
2.187153025560842,delta
55.63456963910534,delta
7.583559414784706,delta
-2.032992300201728,delta
66.23180728677622,delta
19.041602261457776,delta
42.07589976497136,delta
22.861909881684557,delta
44.06619868360204,delta
13.201067646166138,delta
5.570576532837555,delta
5.160089486101089,delta
35.10033762505467,delta
12.315311202280325,delta
14.08071836250571,delta
11.702286903200537,delta
14.407889785017543,delta
12.954307135289472,delta
3.0392521582131518,delta
7.529901514103744,delta
20.962058803166038,delta
15.140899310914287,delta
33.50310502690485,delta
18.12501581726102,delta
3.815281361563294,delta
7.476529483448364,delta
27.64387703239474,delta
16.169257728823865,delta
20.70446775442844,delta
6.8100274038213175,delta
15.588265184538672,delta
-1.2839951885444596,delta
-1.27301525167596,delta
7.084553273566016,delta
26.096372080528567,theta
24.580658617764996,theta
17.461917917391972,theta
14.204257519739244,theta
19.402626661652015,theta
16.647552253799667,theta
21.58058867283384,theta
18.5319214876706,theta
23.360004208782918,theta
20.96437925233327,theta
22.35087641024612,theta
10.802417400944599,theta
24.908014127846652,theta
15.206945288599186,theta
18.21484154166907,theta
15.683715541130006,theta
18.586058855964932,theta
19.447704364992187,theta
16.352012718359845,theta
11.875240820887354,theta
17.314320240112625,theta
17.932488800245128,theta
14.081493365901848,theta
24.72903394145152,theta
17.00110919395571,theta
22.282044328066338,theta
14.458100448261458,theta
17.405305747038792,theta
15.742351022409556,theta
17.911538968064757,theta
19.534851057509524,theta
5.424799958265634,theta
6.727169166441081,theta
3.5269081000456586,theta
8.371730306630445,theta
10.018902762544691,theta
25.053807608168523,theta
26.2534118259869,theta
5.95549813767406,theta
17.885798177578597,theta
8.502849328163057,theta
17.44780606253093,theta
37.24381447558698,theta
33.05702880127432,theta
24.40329255717863,theta
26.607100430127073,theta
21.64396931795038,theta
24.60128323860401,theta
13.53551348831413,theta
15.71598719635322,theta
28.92149996464029,theta
20.75628581396634,theta
20.87660079303478,theta
25.84622337921777,theta
15.997455721008821,theta
13.29762866832108,theta
14.276790566973288,theta
16.811833910773206,theta
12.294522834820784,theta
19.89875121169727,theta
21.17289929002463,theta
20.293628585764747,theta
29.193657984576387,theta
14.691033951322774,theta
16.85806619490314,theta
22.108503582194576,theta
17.92523097535762,theta
16.240635481127324,theta
20.821181902039562,theta
21.74785907362352,theta
18.467184749172446,theta
19.62614052984236,theta
21.524248164796404,theta
27.77772878837389,theta
28.376990764410653,theta
23.87868449183553,theta
32.91688129860128,theta
32.47534475181664,theta
25.251778315336793,theta
24.80043203723455,theta
29.651223207403522,theta
28.34877202094112,theta
30.379558788232508,theta
23.289143708319997,theta
23.34568565234206,theta
20.68029718471009,theta
13.06757103558498,theta
31.504844993055492,theta
9.51640753860611,theta
11.203349716196026,theta
8.354816018224168,theta
11.23902991833179,theta
3.0754941992476845,theta
28.053275037271685,theta
17.98336919551185,theta
13.679385966272031,theta
13.551132122599146,theta
12.703526988131234,theta
5.5680138960301235,theta
10.687724646257044,theta
22.207460892476725,theta
18.072827915522936,theta
13.682425869457942,theta
8.933439569068739,theta
7.668956873524861,theta
30.108527749883287,theta
10.395968992855101,theta
7.863164588801803,theta
23.558098195962806,theta
13.313720053203216,theta
31.707737501981683,theta
34.11546764854635,theta
17.07888633658295,theta
71.22605264693459,theta
5.23483418595401,theta
33.425812396042986,theta
5.889031750678166,theta
22.223334360351128,theta
16.72116640912419,theta
11.78480311354768,theta
26.41496252951512,theta
16.976774621896674,theta
26.38487710080745,theta
51.938760294231756,theta
24.416641085952644,theta
29.029923486796932,theta
19.561612283347745,theta
12.356420875976056,theta
34.31077959605146,theta
21.175388376280548,theta
29.395107324851622,theta
25.47292350301223,theta
14.526316252054169,theta
13.539770238935706,theta
14.073797207594376,theta
18.846536253274124,theta
2.9702014848069282,theta
2.7376667870700384,theta
9.89669118789575,theta
12.161079423398768,theta
7.416583533637304,theta
3.3135802055454167,theta
1.210647540679424,theta
19.47087851064145,theta
21.071764610343813,theta
11.87871519640313,theta
15.164658733788459,theta
27.845458043696464,theta
35.857329533222014,theta
34.57131013021269,theta
20.662056820927035,theta
42.538915489448186,theta
7.578498728672267,theta
26.60422608014899,theta
45.44929343011439,theta
10.441653595399055,theta
18.08148394267252,theta
34.32166690444173,theta
25.46196852412009,theta
55.70008170670958,theta
23.626342370332427,theta
18.25574211726008,theta
40.03038578118493,theta
2.536448150961707,theta
10.896229506593295,theta
38.6502846002273,theta
8.199611647002413,theta
24.642537234891403,theta
17.64336634420596,theta
13.703275810029163,theta
15.452411032900198,theta
8.7118675977545,theta
21.713463215374205,theta
36.24346836367489,theta
3.706063774622464,theta
18.299091571028526,theta
12.996063610081162,theta
33.445198782625425,theta
17.640980421017023,theta
-0.5410278253764547,theta
7.6606609231854375,theta
9.363807441205452,theta
34.993725108773724,theta
20.96633081295465,theta
0.035116480536030344,theta
29.511720705775463,theta
20.815289632113533,theta
16.840682388249355,theta
26.788643392555837,theta
9.102579044070296,theta
21.46055935255318,theta
0.7041266237503994,theta
3.593692941764247,theta
8.681637747329571,theta
3.9850537449168977,theta
3.591310074205061,theta
-0.48431054044135524,theta
11.564243675984216,theta
4.630199765570208,theta
14.544506061608429,theta
36.7790860727499,theta
27.45825119727539,theta
23.577457521933578,theta
18.92354864406318,theta
22.53938678776629,theta
21.79975545934919,theta
25.640246150906716,theta
24.641612296701776,theta
21.745597377178633,theta
19.192141579056127,theta
25.02441312461533,theta
24.8404338116526,theta
10.569119204592797,theta
24.917089063246582,theta
18.542158926434446,theta
19.310842451389814,theta
26.48884977774591,theta
18.05368536774844,theta
21.947413044059115,theta
20.344290958060153,theta
18.19239027719184,theta
21.109211855481043,theta
21.304169501245173,theta
30.19323743839494,theta
20.468589690229148,theta
19.114967375597992,theta
18.84853771445737,theta
26.73902838469524,theta
21.38984452938581,theta
29.28004472266824,theta
8.38811358599026,theta
24.45269029206431,theta
17.95760035009255,theta
14.32331634520256,theta
8.558262320227623,theta
18.713577379285738,theta
32.41660705624479,theta
49.294439358040954,theta
19.40883067596452,theta
31.76867985007128,theta
15.36260537826826,theta
7.190736955478946,theta
25.12226593762637,theta
22.328398023876066,theta
30.184387938436956,theta
38.390643936970534,theta
44.68547789379624,theta
36.880586354369925,theta
27.518392414444627,theta
16.021961499897934,theta
27.815451557757044,theta
52.450032299592294,theta
27.397922823462036,theta
11.360247835187954,theta
24.828380671014493,theta
20.95674192389256,theta
30.684413450496024,theta
24.713004924838295,theta
19.898864900470137,theta
14.540367258500225,theta
23.00157230901325,theta
17.1676876838559,theta
34.678696702837485,theta
24.904255033323842,theta
24.915284475227477,theta
24.019851948488533,theta
22.01352170904747,theta
15.91652125895964,theta
22.12477815115109,theta
24.3622288932741,theta
34.05348530275813,theta
30.299669230474375,theta
33.496622689442134,theta
23.75788467868176,theta
33.471263585196795,theta
27.013319289130255,theta
25.882818527550732,theta
31.020751933580513,theta
28.628258661908067,theta
24.539677017350265,theta
25.041086303122356,theta
33.273358731082126,theta
21.484426605720845,theta
33.89149764220047,theta
21.81369292389648,theta
33.59499574882772,theta
29.58300443708811,theta
26.337211236496888,theta
26.629624240568106,theta
53.969784986980976,theta
22.062264111590455,theta
26.578877667089817,theta
23.369353394216166,theta
26.57097956582564,theta
37.747742168590065,theta
30.1229209239147,theta
29.649097272424175,theta
27.689168553043537,theta
34.218454614673384,theta
37.6558205520706,theta
14.650486844003277,theta
3.2377590356586725,theta
4.590505823209377,theta
3.618354564397255,theta
2.447728494090309,theta
24.565626849011164,theta
3.6225804468766354,theta
2.0139520618814744,theta
12.69308936142662,theta
16.249744360614347,theta
0.3424364442573343,theta
7.594069558817637,theta
29.089544551153963,theta
2.8688548626730874,theta
30.18972616612603,theta
29.29605962002779,theta
9.52531332307933,theta
6.7051769370423955,theta
3.549388710319721,theta
24.43685633864166,theta
29.565892355598677,theta
-1.758475341354417,theta
5.17035073131291,theta
37.39821205338827,theta
14.329975853112261,theta
9.82880307999903,theta
4.945255350179003,theta
26.925063925617803,theta
14.52410104487383,theta
38.780604141166464,theta
16.0012948221986,theta
2.9532875258774007,theta
16.58269738189665,theta
20.551864981941137,theta
42.91563993246898,theta
19.137990948588136,theta
21.424021908937526,theta
9.114220681316262,theta
19.892155136721602,theta
11.845066125893489,theta
3.3577294218763076,theta
12.320716986937546,theta
17.240480133773563,theta
30.70653421270021,theta
6.2814992800588945,theta
26.452717556725403,theta
3.596715630320345,theta
8.988815363126006,theta
25.595501504864536,theta
9.312497927956402,theta
13.774196153146082,theta
58.119029893250726,theta
14.697746044323228,theta
21.285643853599794,theta
15.616286577103706,theta
13.833456654049414,theta
10.199308363761387,theta
6.816085875677586,theta
16.15742115662921,theta
10.121522301689355,theta
40.86686119500029,theta
37.649949224035424,theta
32.337030720249196,theta
80.20502784030941,theta
24.824914471677882,theta
5.255588810269996,theta
-8.378813481697316,theta
-5.08390968014858,theta
1.4179868325575309,theta
22.127650648192514,theta
13.603937229210425,theta
12.02956755440661,theta
7.689240559310114,theta
23.758747480181665,theta
-2.338100604298485,theta
21.637121974976203,theta
-0.41215816847098297,theta
0.7439202608154964,theta
18.61292794603803,theta
24.410449956729487,theta
43.662547272390086,theta
29.484869469965673,theta
38.85533730500863,theta
-14.78162196333545,theta
37.155977370237366,theta
37.50904091908044,theta
27.418063546648863,theta
4.2867482835141155,theta
16.629583930514002,theta
30.97113314085454,theta
11.864174328018064,theta
25.030722738403277,theta
5.076406727803242,theta
22.637949929593283,theta
0.5475640102715397,theta
2.7868867363024545,theta
-0.15014349000963478,theta
2.4177592490260187,theta
4.793544337213139,theta
19.268816882488025,theta
27.957420565539152,alpha
29.81965780301263,alpha
18.3875309714937,alpha
28.654260943523514,alpha
19.575087601376005,alpha
20.62204482993197,alpha
34.30348096509772,alpha
19.088772633261385,alpha
19.31397061775901,alpha
20.319551093816404,alpha
19.26832046443314,alpha
18.445735253368266,alpha
26.474741202247014,alpha
17.8785888334736,alpha
20.40900361351057,alpha
27.621546296868217,alpha
18.40221851874025,alpha
19.388498954923396,alpha
18.978148414713907,alpha
31.19769936854016,alpha
17.57377683862041,alpha
21.50888548991791,alpha
17.80256443163925,alpha
19.286092723066353,alpha
16.911755462693307,alpha
23.560022154112044,alpha
16.404120608267622,alpha
15.68635825346667,alpha
16.79683597617748,alpha
21.93609610983527,alpha
21.489921600637402,alpha
15.599532108730822,alpha
8.55556863219905,alpha
3.4955678867762656,alpha
2.371240732034903,alpha
11.182630290325674,alpha
15.520230031294405,alpha
15.05270376307831,alpha
6.271052371520086,alpha
8.494432433904,alpha
8.732781820242934,alpha
12.88863132365567,alpha
18.04305256889379,alpha
23.429165265708004,alpha
22.393271601266083,alpha
25.26163859797545,alpha
20.352879834243506,alpha
25.378374455036262,alpha
30.634203044580726,alpha
40.86133037155392,alpha
24.03539755495239,alpha
25.353161093717357,alpha
25.156876124200455,alpha
20.344070819290536,alpha
16.14053548550719,alpha
25.763445377070155,alpha
23.218837112926625,alpha
20.126279879953003,alpha
18.1045061555925,alpha
22.72746708062728,alpha
29.945905446133477,alpha
17.362394270752198,alpha
15.462799069283733,alpha
15.219072129948383,alpha
20.467146449805455,alpha
9.958929670882322,alpha
17.44215392476075,alpha
13.721116342021098,alpha
12.419726347208492,alpha
15.529249706629189,alpha
16.193112611406956,alpha
16.406680663619316,alpha
20.78572282302396,alpha
18.486349561828945,alpha
17.700287635219876,alpha
25.171821633657483,alpha
19.084341772755923,alpha
28.44812868973009,alpha
21.32554645309903,alpha
27.19764634790923,alpha
16.38861121596225,alpha
27.106921536513234,alpha
15.983282234248165,alpha
14.846706431643309,alpha
14.183765301496237,alpha
18.794260172737644,alpha
28.954081931844893,alpha
29.980461674703555,alpha
31.213102481378556,alpha
15.267680013332235,alpha
23.697876882272023,alpha
8.469338862819404,alpha
4.331631620662005,alpha
17.018200581234268,alpha
17.458348881297603,alpha
8.663370165300222,alpha
21.00856304452193,alpha
4.157124764507888,alpha
4.239340863487121,alpha
3.280779672863886,alpha
3.535154045211495,alpha
2.566445920253062,alpha
5.398164103027789,alpha
1.7459498090804229,alpha
9.274630510118186,alpha
15.544966965180961,alpha
11.033547244589327,alpha
38.17591958394018,alpha
27.895042297721577,alpha
16.145322717039033,alpha
29.04111527372527,alpha
18.250089510659844,alpha
25.364415933552742,alpha
5.596918042582666,alpha
39.98471907942869,alpha
13.71457333105442,alpha
-2.5835173853080864,alpha
18.561008343236352,alpha
30.683723747073806,alpha
43.34597475890618,alpha
48.65305334857014,alpha
10.45642485344164,alpha
34.42646177744024,alpha
11.531855988843319,alpha
55.77929884443942,alpha
15.290183963552712,alpha
11.596523340646678,alpha
12.285590567245464,alpha
30.292282608782017,alpha
9.39083132842526,alpha
17.800173468504788,alpha
16.07597199595997,alpha
11.044102800508108,alpha
8.434531721861498,alpha
14.753258890097797,alpha
11.325910223856132,alpha
5.658791216139594,alpha
1.7015464310298236,alpha
7.76398886130461,alpha
23.01787014904157,alpha
6.140582012922758,alpha
3.3349227270735478,alpha
65.53325717651282,alpha
13.323708943947102,alpha
16.467119751768415,alpha
12.236467697998739,alpha
16.881008573280447,alpha
2.3505806410089227,alpha
7.953485233185355,alpha
7.999598672995326,alpha
21.677569085960048,alpha
17.02454699170141,alpha
28.528713715210007,alpha
9.909157295010687,alpha
25.85079482413856,alpha
33.478067409733434,alpha
20.801867433648024,alpha
13.234736653614979,alpha
19.059033094860094,alpha
21.42661368121396,alpha
11.459072818729785,alpha
13.590160082024061,alpha
19.55602207933495,alpha
3.2024948533742714,alpha
20.163808881929924,alpha
-2.8137007447039455,alpha
22.380283259552343,alpha
31.109325402148468,alpha
-1.4011241479821095,alpha
9.380622853008221,alpha
10.547775031911707,alpha
13.325907460459144,alpha
25.35834853622695,alpha
-1.3170318293208647,alpha
13.314447336558727,alpha
36.86016425484668,alpha
49.41927486138251,alpha
49.02837684471821,alpha
50.183583286039735,alpha
11.61370145449643,alpha
12.478512889331123,alpha
18.28934142234476,alpha
23.879424205758284,alpha
19.287425787805677,alpha
-11.56299985898932,alpha
36.473803694955635,alpha
34.949890895652324,alpha
4.44419125272454,alpha
11.569601765381146,alpha
16.681808309177253,alpha
14.813443133043002,alpha
-1.444277051367748,alpha
19.07763303665801,alpha
14.30365040115134,alpha
-0.8453868541688355,alpha
0.8835776291930341,alpha
-0.8474099494650429,alpha
22.77636345863512,alpha
2.634605716936765,alpha
19.253351266183195,alpha
28.186926381181742,alpha
32.80144854840455,alpha
20.713809093821194,alpha
21.227590152945275,alpha
30.445337492823914,alpha
21.46541405259169,alpha
34.08239162806873,alpha
20.588559974610845,alpha
19.93437649973619,alpha
22.506658045571136,alpha
19.870971414420325,alpha
19.250798752836783,alpha
25.5129875586043,alpha
31.105672799262436,alpha
20.05824330543009,alpha
19.000311713271437,alpha
27.09981288001967,alpha
22.203230815159266,alpha
19.265615242886877,alpha
18.968019171969573,alpha
22.74984687805754,alpha
20.619188467030995,alpha
18.39256189016724,alpha
20.160518450800698,alpha
18.080269999363242,alpha
19.132373880433686,alpha
18.300400511336957,alpha
20.424962636751896,alpha
19.455485088462645,alpha
20.082028906391148,alpha
17.625342151014976,alpha
17.964989485464542,alpha
18.086704365555033,alpha
7.533183241910418,alpha
2.8467198587858693,alpha
7.283310781291642,alpha
18.815509896096856,alpha
18.635472262254556,alpha
25.793178854929987,alpha
20.600643232243517,alpha
17.900045146493916,alpha
10.703617477947509,alpha
20.416240825751945,alpha
19.873774851949612,alpha
23.138458847530575,alpha
23.445355736763272,alpha
19.868399185735054,alpha
28.034851242580196,alpha
26.407418569828895,alpha
44.66055551476217,alpha
34.92657682696007,alpha
24.259325532135367,alpha
20.704143854210365,alpha
30.1310535659801,alpha
23.195618432482863,alpha
19.934311713238312,alpha
17.18852678666355,alpha
15.620424042553898,alpha
15.119253428532883,alpha
16.786129413795255,alpha
18.51889953615949,alpha
15.848772943941253,alpha
14.459183400854236,alpha
10.598875682187938,alpha
16.842780068424723,alpha
20.57748165442129,alpha
14.031249643473437,alpha
16.782959536356643,alpha
14.262917607585187,alpha
14.977057783506606,alpha
20.99733448657308,alpha
15.824638777595123,alpha
17.13340603126781,alpha
17.19401567614057,alpha
17.90518247801899,alpha
22.853249356992293,alpha
16.022238070851962,alpha
21.505650223180385,alpha
24.774596024784813,alpha
17.83294895735585,alpha
16.699694993616056,alpha
16.109125011556106,alpha
21.70267136129945,alpha
27.461963412705927,alpha
15.748706627021633,alpha
25.56759769215343,alpha
21.12141693346377,alpha
18.837259663515034,alpha
15.233336139530152,alpha
17.77796405225584,alpha
47.0982735634426,alpha
35.1547292039348,alpha
27.2461382240552,alpha
16.971666241715454,alpha
17.05704277405008,alpha
21.097389025636915,alpha
14.625140503099093,alpha
18.25310914592839,alpha
18.831551667382254,alpha
20.964255047890237,alpha
53.35783102946377,alpha
15.788190046574604,alpha
3.240455190763835,alpha
8.878286236237297,alpha
4.667088671553508,alpha
1.4849485398688804,alpha
0.2934157075495581,alpha
-0.9318152093383599,alpha
13.508111353311673,alpha
7.7892457600454765,alpha
2.6931329130853587,alpha
44.075837825124545,alpha
38.90582664279102,alpha
21.97556269464568,alpha
29.398443755640518,alpha
14.201242462295003,alpha
37.909836569064026,alpha
24.06774588201977,alpha
2.4691603271097766,alpha
29.402836018453225,alpha
2.360759969647565,alpha
23.718973911644756,alpha
-0.8577433276235825,alpha
35.65455572212552,alpha
40.018634079433326,alpha
4.573153851405642,alpha
4.51782645956957,alpha
28.41349190427424,alpha
51.64149604126516,alpha
15.62026379722295,alpha
32.27529641949577,alpha
16.004679175493063,alpha
12.831109467979115,alpha
14.614457744885707,alpha
17.607915854968137,alpha
12.94445808054398,alpha
12.130076023398553,alpha
10.667269502564428,alpha
16.511917489218657,alpha
0.8974010749025159,alpha
0.3352131439588343,alpha
6.448082999131738,alpha
22.730404636239374,alpha
3.410988742674849,alpha
1.4827839020168228,alpha
26.31098811927729,alpha
21.643767120626173,alpha
-0.937974097349177,alpha
13.693634678131698,alpha
28.101168401055503,alpha
23.846227614948127,alpha
3.050365442140239,alpha
19.75155626248087,alpha
8.895622478131557,alpha
24.9504421416708,alpha
24.02508994369141,alpha
14.283080070392165,alpha
34.538208012632445,alpha
42.33001215316554,alpha
9.833021315700153,alpha
0.11059397409469646,alpha
23.851841994670707,alpha
18.385007767377154,alpha
81.28565164235057,alpha
15.338466426124322,alpha
3.728779762624998,alpha
10.647214365793554,alpha
8.651658182433733,alpha
45.801468471360806,alpha
83.89971978240638,alpha
-0.0928558066100077,alpha
9.05053924715647,alpha
5.067377629221718,alpha
6.4434487270148795,alpha
6.90216203966067,alpha
20.01021351968964,alpha
-0.031923957077777954,alpha
0.008882242265751298,alpha
2.2900684788516448,alpha
26.903228311788535,alpha
-1.1906746882509616,alpha
22.68376563053881,alpha
28.38848334305364,alpha
-1.854039540809494,alpha
30.86948143628718,alpha
37.08904481179855,alpha
40.62604663240815,alpha
27.092785036834904,alpha
31.39578265039517,alpha
21.39496154862048,alpha
66.31377319504146,alpha
21.215814932159805,alpha
19.919625801612327,alpha
22.560863317564365,alpha
1.8255437965197123,alpha
11.893721396003201,alpha
0.5953835023142315,alpha
4.821024415858904,alpha
12.479254160859075,alpha
33.2680109086114,alpha
31.508654026288056,beta
17.884350938727298,beta
40.13228198155283,beta
32.68348150974907,beta
35.55308814039012,beta
40.46613969030202,beta
12.227867885288667,beta
32.90630913528116,beta
32.963462333656516,beta
34.20301148542193,beta
32.24265374002548,beta
39.104817029271736,beta
26.51470758519262,beta
34.3822306919405,beta
38.10730051933188,beta
23.754896469249484,beta
34.984570898616504,beta
33.74652303466718,beta
34.453767278309975,beta
8.809393311168078,beta
35.17420967784466,beta
36.492169535986484,beta
34.29848141443779,beta
23.59292882614047,beta
26.395889340569596,beta
31.19304274816988,beta
24.438311594230893,beta
34.95838889635937,beta
30.565528803239367,beta
26.17484838589882,beta
25.830963670995992,beta
19.743418943788672,beta
44.36406141846094,beta
51.48373651290065,beta
50.80531177486283,beta
41.18645775662656,beta
47.158192604121304,beta
48.520209388440975,beta
52.56753154732758,beta
49.33155100159385,beta
60.54377008571434,beta
50.27885896934844,beta
33.083045357009816,beta
32.37789174874033,beta
32.39855089716896,beta
37.70833604732311,beta
38.577414610131214,beta
35.35755718536299,beta
19.77863472012894,beta
25.071262456961126,beta
18.108413742714443,beta
21.031060694356853,beta
21.29288946133718,beta
20.86197027268217,beta
24.17243491516815,beta
20.919161496095533,beta
17.45869975514181,beta
21.61632810859249,beta
18.999334898355414,beta
17.547062572787738,beta
20.543157012774348,beta
18.881414126835793,beta
16.59645685912318,beta
22.759343281909214,beta
24.091583466357232,beta
17.842884019961776,beta
19.46697030618722,beta
18.56718088087499,beta
41.38134457217401,beta
55.98337006492795,beta
56.755168917860374,beta
54.13760977363694,beta
34.12502287938873,beta
24.924551215159386,beta
29.24735997439061,beta
27.55280140185765,beta
26.410057678420394,beta
14.611801719515109,beta
27.49597504707434,beta
20.67610947110248,beta
26.391217801207873,beta
14.843192743170949,beta
22.650423140963003,beta
23.671914174725693,beta
24.931003923362724,beta
51.193135911821706,beta
36.3069495298947,beta
24.346669584085422,beta
40.19264040817972,beta
58.83386143828957,beta
37.232981179691855,beta
53.619429905562264,beta
26.319885151239937,beta
37.89394435313028,beta
40.92295437993085,beta
58.677186305048856,beta
10.522510852389315,beta
24.366912661245635,beta
55.383317017876834,beta
29.602183564770257,beta
31.05285965638788,beta
24.04395777048167,beta
53.15528073265171,beta
36.47956115410715,beta
49.67472925503863,beta
19.837174881222392,beta
46.15033687697537,beta
27.787270028824107,beta
29.141849671803488,beta
40.866333394694244,beta
19.069164756670354,beta
20.128611111905066,beta
25.847309105248918,beta
18.94513910155227,beta
15.015311450249689,beta
2.126846505238587,beta
75.81701262047565,beta
6.227378754624291,beta
12.185962007157524,beta
3.551500736609261,beta
12.140476180109584,beta
41.61410583686588,beta
32.21789421337489,beta
5.27719307210884,beta
4.0355306259733,beta
4.837620690122555,beta
49.951184020067224,beta
36.194610715412914,beta
6.6932425232577115,beta
24.421954249792602,beta
25.883891859437576,beta
27.02268213918581,beta
65.53787908549492,beta
69.94648570439477,beta
49.904478077164825,beta
52.59145805103992,beta
84.75573029455312,beta
55.54394525907065,beta
56.964095108777855,beta
50.203671426273836,beta
71.66886630995775,beta
78.43071982299101,beta
20.907191620664957,beta
37.70082086877548,beta
29.668154628536474,beta
59.66862806638085,beta
1.426050488988219,beta
45.2431916608901,beta
1.4528390666111102,beta
0.23725655705834547,beta
32.75701261992419,beta
3.1750576808894864,beta
7.714522970792405,beta
4.81944495900525,beta
4.781930236975322,beta
22.6633665068477,beta
18.88622866406915,beta
9.985449419424844,beta
47.92397583080114,beta
20.283174869727368,beta
35.039851741016456,beta
2.802044478524018,beta
-3.2470917830035395,beta
5.888496338348816,beta
-0.14718069793827396,beta
11.749850961473081,beta
55.137072612221935,beta
14.186990390806601,beta
17.05736159834806,beta
9.403737215416369,beta
19.65599461036517,beta
23.882332628130296,beta
7.4520054888241845,beta
8.26399653172271,beta
7.943023999403814,beta
6.643184508897009,beta
5.898269479758193,beta
7.953621135858549,beta
6.004240858928601,beta
25.856839598145605,beta
9.19585905313894,beta
19.21980726528663,beta
23.222556349069393,beta
12.191080569439944,beta
18.628484879233735,beta
9.701315765175329,beta
9.038169773863691,beta
2.1854161808916444,beta
40.43480481671912,beta
3.6222386655485503,beta
8.474646734314115,beta
27.471120792619054,beta
2.459982282442352,beta
6.075150209269417,beta
36.90903550503351,beta
20.506878030980783,beta
7.822679160848946,beta
14.253978476630152,beta
3.156088773717462,beta
5.888654059190896,beta
21.82908575300573,beta
23.8042056071262,beta
32.09775593605398,beta
37.8399618989583,beta
26.15887978160259,beta
35.61171821711273,beta
24.38815065689346,beta
33.74585014053926,beta
33.60508682740368,beta
40.20477224889824,beta
31.43438080374068,beta
36.612635481376685,beta
42.26663235957041,beta
26.561042740950946,beta
31.993398156275337,beta
41.93412462357654,beta
12.179432824913565,beta
33.399861156721514,beta
29.472296767764178,beta
35.05534484464749,beta
27.50455729208244,beta
34.692693278502276,beta
22.903944686997317,beta
27.802494315895505,beta
23.11029259746577,beta
28.359731773181014,beta
30.443205980293413,beta
25.685265821776497,beta
23.543504041378764,beta
19.60212483870787,beta
19.83169893228372,beta
24.69185179451248,beta
36.49307375324573,beta
43.948449201863234,beta
46.107747438747786,beta
40.245644751611934,beta
31.287183917629964,beta
24.16898972284712,beta
44.89401196711636,beta
40.40520220774092,beta
54.46695300109173,beta
63.92090511414198,beta
44.023451532295645,beta
48.037578345788326,beta
35.53533710519237,beta
25.83756028328897,beta
22.38556808977025,beta
19.563117209633358,beta
25.55603099444412,beta
18.8207734379192,beta
22.220611940790217,beta
16.490569295629573,beta
17.81143526358949,beta
23.05653045904083,beta
18.164652182592448,beta
18.02674204562555,beta
16.817769213969736,beta
17.797493391595452,beta
17.53142656125747,beta
24.605874482976947,beta
18.72324053513605,beta
19.727291233234922,beta
16.161974039522654,beta
15.664091254585447,beta
17.87412144408143,beta
21.353832061342345,beta
24.433267381444722,beta
19.50404755758997,beta
18.781639919561634,beta
17.664744803937573,beta
38.77338437305618,beta
45.47082291472696,beta
35.28578601599134,beta
39.855950898171606,beta
24.51885092407757,beta
24.936505680785295,beta
30.842343096938684,beta
29.325677638746196,beta
24.35703352381172,beta
22.722977856823164,beta
21.266610381253777,beta
20.78022310830422,beta
23.872241776480287,beta
18.11189402116131,beta
37.489444485667065,beta
15.740157323416746,beta
22.69185306015894,beta
25.841615834874133,beta
20.97175645641943,beta
14.577188355267051,beta
20.99678497478294,beta
18.18297418789036,beta
38.17354853858571,beta
39.70039900741696,beta
26.803579956326157,beta
29.59354848669204,beta
34.86613270395992,beta
30.383290810468477,beta
26.2353031120869,beta
27.80446176555511,beta
22.98335889409627,beta
5.596808656799492,beta
50.58951130042551,beta
35.977751641342614,beta
55.752941937430336,beta
51.52000671802512,beta
29.773950657123134,beta
42.368380253177286,beta
57.054087466693424,beta
55.22258858483501,beta
42.82226105708468,beta
25.713416854702825,beta
22.16797786216442,beta
38.9045640359857,beta
18.44105752561641,beta
18.083193904121458,beta
18.813802926085483,beta
32.58068309799796,beta
93.56527727325847,beta
2.7108032660266352,beta
1.9550943683780093,beta
49.320988551975105,beta
56.38799056630466,beta
10.371011008817554,beta
18.938253617494347,beta
1.5763207292086765,beta
29.58118177053242,beta
31.795550457547613,beta
3.224134377577504,beta
38.6691479140136,beta
14.723612366885558,beta
18.76842259185216,beta
19.67108461986474,beta
33.9120176678896,beta
26.635365047682384,beta
38.641090255364766,beta
27.70975956058968,beta
41.05346277142345,beta
34.559888278447,beta
65.09254847958064,beta
97.141399562357,beta
64.96857595724578,beta
34.41682694550165,beta
43.519914250681595,beta
84.00431805648635,beta
32.56209618253747,beta
29.99713526379052,beta
59.452051482892685,beta
48.74331308842446,beta
34.47436424687827,beta
45.7080464388951,beta
7.669148231315234,beta
25.030096629051503,beta
32.70464285886131,beta
42.92151553018778,beta
15.38607089807046,beta
13.712723866292098,beta
1.908193644315493,beta
16.131167245252765,beta
43.80910462052447,beta
35.094995334809965,beta
21.649031942140585,beta
27.257804721313324,beta
93.43129164984887,beta
9.900862799501981,beta
12.456739223875566,beta
21.49954222544172,beta
8.776802535408171,beta
-2.181222910764337,beta
0.44860689825851663,beta
0.03652213227125178,beta
9.553338491944007,beta
-0.6550454817172287,beta
4.583519441655018,beta
26.1161035467888,beta
14.609825070349922,beta
9.902635889678505,beta
21.546125277861766,beta
17.577413500247687,beta
3.809733410954271,beta
6.646499375096823,beta
6.9944535958332,beta
7.018086627518115,beta
0.5314922141451361,beta
6.967519045479118,beta
5.9443483484563835,beta
13.388932452414343,beta
7.28788943110875,beta
15.3332031376756,beta
7.857276724356923,beta
16.62419628566599,beta
9.61004225410754,beta
1.9478754740396291,beta
19.15353476891963,beta
20.07025399816233,beta
3.7877723402006764,beta
10.208418705808757,beta
15.234107781457732,beta
10.343197995956679,beta
12.600398186342055,beta
2.8177690205226877,lgamma
13.642481313852118,lgamma
3.0347687397309233,lgamma
6.3769061619631735,lgamma
2.157468613288299,lgamma
2.9157130470355144,lgamma
14.543481245061033,lgamma
1.2931264180426705,lgamma
6.7323786282607685,lgamma
2.121382037569508,lgamma
2.7469529119850806,lgamma
14.911250275827287,lgamma
8.7206213830249,lgamma
4.548386280142661,lgamma
6.537448484631906,lgamma
8.669046662173667,lgamma
1.473095739775269,lgamma
5.485120465171992,lgamma
12.821244211804117,lgamma
19.932105853138964,lgamma
2.1834835804767256,lgamma
2.8246127028387487,lgamma
8.88806353187924,lgamma
11.799739286172612,lgamma
13.133662235945687,lgamma
1.7998604807878873,lgamma
15.15708090639613,lgamma
9.137989130540573,lgamma
13.527935947253125,lgamma
10.324818547381899,lgamma
11.475768046141207,lgamma
3.58146394666717,lgamma
2.717548339497947,lgamma
0.610537826718543,lgamma
3.6786100965609747,lgamma
4.812937257265116,lgamma
3.520667944612766,lgamma
0.48817961963247236,lgamma
0.6102911309766842,lgamma
1.6383264366231276,lgamma
4.81627457386092,lgamma
9.915461922691353,lgamma
3.7252873236124815,lgamma
5.243044592149905,lgamma
8.874367672001009,lgamma
3.7488027817519263,lgamma
6.019588729812462,lgamma
4.32928674448957,lgamma
21.469311321630595,lgamma
7.3779198568466775,lgamma
8.21374440420868,lgamma
16.28132485564128,lgamma
16.612752167762128,lgamma
18.375723526607104,lgamma
27.9655322320736,lgamma
33.33788266154263,lgamma
28.09916506497494,lgamma
25.133247972404632,lgamma
33.607888921432725,lgamma
21.66516874272319,lgamma
15.453953598767296,lgamma
28.14819226774968,lgamma
27.213166407158173,lgamma
33.539331674642796,lgamma
28.839021200768123,lgamma
32.5516360157499,lgamma
29.349781251921396,lgamma
24.771532059158346,lgamma
0.5959739068054819,lgamma
1.0729809989436248,lgamma
1.9736076485001843,lgamma
0.691765477018473,lgamma
4.756429884720618,lgamma
2.7201248450646647,lgamma
6.710929907322615,lgamma
6.3769830303094865,lgamma
4.8004014624124,lgamma
4.787111290790107,lgamma
12.479766625823544,lgamma
11.57792768385382,lgamma
13.356893304953418,lgamma
8.373070287846614,lgamma
12.836391201575372,lgamma
21.20572416702248,lgamma
23.152339894298148,lgamma
0.6788323034187234,lgamma
10.824272887476738,lgamma
4.22243046071998,lgamma
8.399697301667233,lgamma
4.239357016340787,lgamma
2.025639909690446,lgamma
11.490408351175004,lgamma
32.017133094678044,lgamma
7.839350401516068,lgamma
10.76677530381592,lgamma
6.498756709881342,lgamma
6.562624589632906,lgamma
7.02995650518343,lgamma
8.92823874534579,lgamma
4.707400051297035,lgamma
6.605474806494257,lgamma
7.170683446958871,lgamma
7.523482900891726,lgamma
4.4781262906671975,lgamma
13.18644608178483,lgamma
11.557445008472154,lgamma
-1.4188621953244982,lgamma
11.100366363141488,lgamma
6.231419102704451,lgamma
16.0396530599627,lgamma
3.2028624900095615,lgamma
13.76463968085358,lgamma
24.253623120582823,lgamma
1.1748217027171441,lgamma
11.331619278336513,lgamma
9.336777744117459,lgamma
4.1867905163876795,lgamma
12.8304219944937,lgamma
24.19339421562421,lgamma
13.844170624719073,lgamma
2.1045238143048683,lgamma
16.4931378858318,lgamma
2.9843229347946267,lgamma
3.3135204065990305,lgamma
8.750745087058167,lgamma
27.46282772951232,lgamma
3.949523643231154,lgamma
18.313579633829363,lgamma
3.4902777367631197,lgamma
9.926034893356125,lgamma
6.349630612470982,lgamma
3.9716285079726408,lgamma
0.04289125309045434,lgamma
0.40272071316356456,lgamma
9.68789320375264,lgamma
4.198167147338946,lgamma
2.77847981023445,lgamma
23.080517208484906,lgamma
5.265379940007215,lgamma
4.683243557053161,lgamma
3.9650386803857374,lgamma
0.6390149044153226,lgamma
1.604281478494135,lgamma
10.900191897213793,lgamma
8.895934527987436,lgamma
0.25500195378639173,lgamma
39.62019506943794,lgamma
6.8164470307867635,lgamma
7.252324032831692,lgamma
8.702143023613813,lgamma
0.9031602368296322,lgamma
6.011822173631166,lgamma
6.946928830492636,lgamma
5.1316421629981255,lgamma
16.145538058452864,lgamma
3.4525579371973056,lgamma
5.480566149961204,lgamma
25.59418195417057,lgamma
3.8782493259205513,lgamma
-6.327025290854,lgamma
5.370137179437649,lgamma
4.403009420053549,lgamma
-8.625315608013638,lgamma
13.705088639537836,lgamma
19.708646758194277,lgamma
1.4614614776092096,lgamma
6.433267642326483,lgamma
5.0729512824717755,lgamma
16.809944130603867,lgamma
25.471434946636233,lgamma
10.854452685103833,lgamma
32.24533225857157,lgamma
10.249975426758528,lgamma
9.726988796850668,lgamma
34.03079097344046,lgamma
15.710124951825902,lgamma
15.02563864515313,lgamma
2.2873417204251503,lgamma
10.498700520199177,lgamma
-3.813905153222888,lgamma
25.7211525047714,lgamma
3.098773614264271,lgamma
3.663611278547903,lgamma
8.724181992668601,lgamma
17.970379654207697,lgamma
8.303736264602453,lgamma
15.143988807712875,lgamma
5.0957776786425235,lgamma
13.779498375164387,lgamma
25.107226867252336,lgamma
20.72622287302486,lgamma
36.73711089766262,lgamma
22.51918097795814,lgamma
26.405790970106906,lgamma
21.28268803685417,lgamma
49.82748327602538,lgamma
49.92205651182398,lgamma
25.007312882518324,lgamma
39.6334357817965,lgamma
29.49949918346616,lgamma
2.9248615892652956,lgamma
6.757264308703981,lgamma
0.9323629052994038,lgamma
1.5398588873942296,lgamma
4.17396994215563,lgamma
1.9312714505891904,lgamma
5.478102858879566,lgamma
5.856395015069965,lgamma
1.021482879343543,lgamma
3.7445332376922074,lgamma
1.5504470681861067,lgamma
1.1030994781717203,lgamma
9.33809240842754,lgamma
4.862290880066885,lgamma
8.94742814235901,lgamma
1.3199474751279832,lgamma
13.82061332579334,lgamma
10.175998277814942,lgamma
1.4585402761378228,lgamma
3.090460995391484,lgamma
15.225426308790398,lgamma
3.8477784265233654,lgamma
15.940406062805215,lgamma
1.2294321672271362,lgamma
16.074518297214375,lgamma
12.408428339632552,lgamma
8.202411532418072,lgamma
11.913132153383962,lgamma
16.97874834367052,lgamma
13.90464315526544,lgamma
8.015454674731222,lgamma
3.9840682717115974,lgamma
-0.4288260197057504,lgamma
0.9669695064015796,lgamma
1.5873452998696351,lgamma
0.975607951917732,lgamma
1.5762906635408753,lgamma
2.752208564199357,lgamma
1.726575825256241,lgamma
2.8955648159583456,lgamma
1.1058280832714307,lgamma
0.7015668222652509,lgamma
2.7684762369790348,lgamma
4.271353923449859,lgamma
4.138461877834323,lgamma
5.901234924266578,lgamma
4.408585126327658,lgamma
8.443569331124772,lgamma
6.908143463368538,lgamma
9.006647195038365,lgamma
4.259684386062513,lgamma
2.7404961103558714,lgamma
16.98686094149755,lgamma
20.296172793648303,lgamma
15.433675674428295,lgamma
24.36530389775432,lgamma
20.213029706174236,lgamma
19.73934947573774,lgamma
31.517639903163797,lgamma
28.366169434045258,lgamma
25.026297530607668,lgamma
29.977837007753344,lgamma
24.856848359722328,lgamma
35.89727915202652,lgamma
30.158773528788473,lgamma
24.38754054388312,lgamma
18.37012798713694,lgamma
30.281582492015502,lgamma
32.58435336091153,lgamma
26.161664832830244,lgamma
0.399711255237581,lgamma
0.9717093524756699,lgamma
1.6737568197486397,lgamma
2.1665558013740656,lgamma
7.163754228594146,lgamma
4.85676910115173,lgamma
10.859108094204935,lgamma
4.386721972054884,lgamma
7.582821428676651,lgamma
8.359651532254146,lgamma
6.870977383876994,lgamma
14.616042180744367,lgamma
16.04728727033536,lgamma
6.135811982425346,lgamma
10.644566565583165,lgamma
6.794752683668695,lgamma
12.05516893932065,lgamma
13.229681492957498,lgamma
18.95284715344147,lgamma
1.6057161093262342,lgamma
2.2764691279676104,lgamma
11.465552407580153,lgamma
3.1746644909291106,lgamma
7.363694155935409,lgamma
7.390499710875957,lgamma
7.676400317139002,lgamma
10.054179130406647,lgamma
7.443789973450887,lgamma
10.129198403820688,lgamma
4.649593733608417,lgamma
0.3431674816668959,lgamma
7.331029254980555,lgamma
10.624519500036465,lgamma
5.020504873593747,lgamma
4.959530154535522,lgamma
5.706121114577285,lgamma
9.370271799594667,lgamma
7.121535595115779,lgamma
5.370440901342168,lgamma
0.35692508943554496,lgamma
0.005773775155148212,lgamma
11.241145505108978,lgamma
2.1473094693293184,lgamma
19.87961009480352,lgamma
4.401084056544786,lgamma
17.153848226354988,lgamma
28.94303952034844,lgamma
28.601441788537652,lgamma
6.955264746356144,lgamma
16.344965694255976,lgamma
3.922977836100302,lgamma
-0.05727044108128504,lgamma
2.9257856220707272,lgamma
3.046308196863773,lgamma
4.580991942705657,lgamma
54.15967485947101,lgamma
7.72288864039548,lgamma
1.2875959364112737,lgamma
10.805153515704568,lgamma
0.5306639702012851,lgamma
20.952758927719888,lgamma
7.990016002048304,lgamma
9.194687488835754,lgamma
5.620263080202362,lgamma
4.250872970189862,lgamma
4.009635336246106,lgamma
8.52346035956035,lgamma
-0.5024974112340844,lgamma
0.9253192177745888,lgamma
11.448609649536396,lgamma
-0.11938774130564851,lgamma
4.4891701109033875,lgamma
9.50079975329988,lgamma
3.6017370226911516,lgamma
2.052475060167689,lgamma
6.074974335423747,lgamma
13.184598247916417,lgamma
9.557617990603434,lgamma
1.7350461841094973,lgamma
12.0897892494969,lgamma
4.904906582301774,lgamma
0.7298860432255265,lgamma
8.267285219619462,lgamma
18.59247722339516,lgamma
5.689477954746731,lgamma
10.939224975774811,lgamma
29.25969778308511,lgamma
28.825096367512465,lgamma
12.646904179421812,lgamma
6.216551638375887,lgamma
7.978810052823865,lgamma
4.331532021099755,lgamma
3.2405604934008734,lgamma
-29.703734450869497,lgamma
5.07162139907653,lgamma
16.69573315563557,lgamma
46.68742435795315,lgamma
11.125800128792045,lgamma
26.13762642621338,lgamma
-1.5479308388983604,lgamma
10.509846429130167,lgamma
29.909521730286414,lgamma
29.1762609478783,lgamma
23.674755564690564,lgamma
12.993256480913743,lgamma
11.48332552819903,lgamma
52.589281495070196,lgamma
38.912407935846,lgamma
13.791986804812122,lgamma
9.037355345669331,lgamma
13.125036835774381,lgamma
9.636361529648545,lgamma
4.714909849408586,lgamma
61.544810215173676,lgamma
16.090977774647985,lgamma
4.787708765497591,lgamma
-0.3425762952722246,lgamma
19.921724832318134,lgamma
1.2082318749982006,lgamma
10.813638498180962,lgamma
1.102342974973005,lgamma
15.285832879288948,lgamma
23.516414934395137,lgamma
5.787404580165488,lgamma
34.38207454587066,lgamma
44.62369422538491,lgamma
50.991299012198056,lgamma
57.05608400649433,lgamma
53.239193183055,lgamma
14.805592183266217,lgamma
5.285450257628289,hgamma
14.430093637677881,hgamma
4.836245531226456,hgamma
11.240171261077817,hgamma
3.4442813214692074,hgamma
2.8103909474523294,hgamma
16.164848996412058,hgamma
3.2504375065167386,hgamma
2.4309318963190174,hgamma
5.104905619742436,hgamma
5.632359483119035,hgamma
4.194953439074491,hgamma
9.78076977373344,hgamma
3.2657400766133486,hgamma
1.4104558450601075,hgamma
11.87412462423016,hgamma
5.411012595455178,hgamma
3.01210248921087,hgamma
0.4445574448441929,hgamma
22.22028694807417,hgamma
5.665986674645155,hgamma
6.368368964291907,hgamma
3.81486994508983,hgamma
0.7968726118996683,hgamma
1.7983270316053537,hgamma
6.10307927048081,hgamma
2.221850884788152,hgamma
3.5778605271241695,hgamma
3.256695724765118,hgamma
2.7360672656163487,hgamma
3.4997259827237177,hgamma
3.2506999803695757,hgamma
1.2469555316935885,hgamma
0.02393076626242431,hgamma
6.452448780879284,hgamma
7.6064323743342115,hgamma
1.400266974264187,hgamma
1.3838462044505206,hgamma
0.23101631768185069,hgamma
2.171142375611619,hgamma
4.10626828171301,hgamma
5.779669420062823,hgamma
2.254869575061507,hgamma
3.2136822853787836,hgamma
8.323971475312161,hgamma
2.1168659755287074,hgamma
2.974390468863507,hgamma
3.6114424226377886,hgamma
11.701565021088769,hgamma
4.775234239738442,hgamma
6.451659602680988,hgamma
10.165953639561222,hgamma
7.653413108429291,hgamma
7.934468248876812,hgamma
6.690993929585081,hgamma
3.032081671336151,hgamma
9.943945196538106,hgamma
2.4368692890379773,hgamma
8.37090594961508,hgamma
5.515896871018314,hgamma
1.9300346393436547,hgamma
3.841972342730822,hgamma
3.0616773625702183,hgamma
1.8524937304748494,hgamma
1.9600625600941044,hgamma
2.309611252419355,hgamma
0.7778814678445733,hgamma
1.7421481157726824,hgamma
0.08010195744692752,hgamma
0.6483993496435612,hgamma
1.6181103573707996,hgamma
1.1939857300055097,hgamma
4.826526670152761,hgamma
0.8829138604164828,hgamma
2.9812781167603006,hgamma
4.022353585775142,hgamma
1.55141128496406,hgamma
2.4219042560051336,hgamma
3.279563430660933,hgamma
1.4411856056392174,hgamma
2.5754437196325624,hgamma
4.704526085163038,hgamma
2.191525606777785,hgamma
1.234451415420871,hgamma
0.9726981368270395,hgamma
-2.0359902044576033,hgamma
6.063945303596661,hgamma
3.8903323161980397,hgamma
5.313202594660392,hgamma
3.65511720141041,hgamma
1.1842010038300175,hgamma
8.972880768582394,hgamma
21.23611511981689,hgamma
4.5527631219855085,hgamma
5.1737575732913506,hgamma
6.693063834420392,hgamma
9.350163921838842,hgamma
11.398406179294708,hgamma
12.198994331553086,hgamma
8.380280053799364,hgamma
10.875117132970363,hgamma
12.243692520917518,hgamma
8.311793712753266,hgamma
6.961631632705993,hgamma
11.8472942331721,hgamma
11.849512618070841,hgamma
-2.2170539530277376,hgamma
9.291508110454986,hgamma
3.9723306550860342,hgamma
5.683843198341076,hgamma
6.629712450728278,hgamma
2.1570734186275855,hgamma
1.0335074744874653,hgamma
0.5990574999792063,hgamma
8.9697563236875,hgamma
5.639419470129194,hgamma
1.637593204617662,hgamma
14.832463529804793,hgamma
15.388378298163255,hgamma
9.685663247156002,hgamma
1.2882843332827278,hgamma
12.50303077088994,hgamma
1.6418589508494927,hgamma
1.956542234075237,hgamma
4.119153795859992,hgamma
23.59697410841519,hgamma
1.801967897997083,hgamma
11.125699599779582,hgamma
8.80015887378289,hgamma
10.300560115762254,hgamma
6.811784505006141,hgamma
3.776063375976323,hgamma
-0.29766479018657166,hgamma
-0.5014348000922251,hgamma
7.6691001004973405,hgamma
7.348515864818777,hgamma
1.4446633817219576,hgamma
16.668709816180876,hgamma
7.266312696979356,hgamma
4.666210052729323,hgamma
4.794860415081435,hgamma
1.1250221489090118,hgamma
0.6525647991627221,hgamma
4.762420126903563,hgamma
7.545945964421392,hgamma
-0.32370082448319376,hgamma
23.51383747951965,hgamma
3.304313767085651,hgamma
8.177935911687907,hgamma
15.743954598251653,hgamma
0.8709718054262445,hgamma
10.802693932310369,hgamma
9.337353218347042,hgamma
4.039765471332323,hgamma
9.249044174186523,hgamma
2.727924098510801,hgamma
3.387895829102966,hgamma
14.20110680024095,hgamma
1.4257308279137537,hgamma
-4.763463581485956,hgamma
8.726479970887219,hgamma
-0.42212353380160306,hgamma
-8.395440216115425,hgamma
5.2221084924730405,hgamma
10.770179078791905,hgamma
-0.891657775120391,hgamma
6.274396323714083,hgamma
7.782596383604217,hgamma
13.685646740422976,hgamma
18.74941737855024,hgamma
15.214109376436854,hgamma
20.91160240921371,hgamma
28.037157191818274,hgamma
22.405246638241607,hgamma
24.18975186087564,hgamma
17.12096944740332,hgamma
16.718462795409177,hgamma
-0.4197453465347055,hgamma
15.155339551296942,hgamma
5.1600207319572124,hgamma
43.77356621837466,hgamma
0.8125453093041515,hgamma
2.391528322612604,hgamma
21.41805545902569,hgamma
35.896878454672255,hgamma
3.575303268251223,hgamma
14.90843184272131,hgamma
-2.950814093205905,hgamma
1.9481906397026678,hgamma
34.59337905369124,hgamma
21.90691236110366,hgamma
32.21157589438852,hgamma
28.320986474969867,hgamma
30.6593696986784,hgamma
29.342661557551043,hgamma
21.90003016683858,hgamma
36.91724791630619,hgamma
27.246093237737153,hgamma
38.002016016271064,hgamma
27.7903887390287,hgamma
5.575612151515294,hgamma
8.999102818659805,hgamma
2.926156773932356,hgamma
2.7327326218026635,hgamma
4.966704548224127,hgamma
3.9336467869339184,hgamma
9.491105166468472,hgamma
2.1066192405798105,hgamma
2.6343185033918606,hgamma
1.8068882426296686,hgamma
4.517626098269497,hgamma
3.668280326733174,hgamma
0.44581644931479214,hgamma
8.918332780495351,hgamma
2.042403420231031,hgamma
3.348841384817679,hgamma
14.710854041483303,hgamma
1.878975229899634,hgamma
5.382971639380168,hgamma
5.407929336577683,hgamma
0.27579633183973856,hgamma
3.1824886779173527,hgamma
0.45186951859442476,hgamma
4.485330516178884,hgamma
1.6852387580158268,hgamma
2.0439008076079133,hgamma
2.7429181384890944,hgamma
2.9128382656417444,hgamma
2.3564309769856604,hgamma
3.101382177181315,hgamma
10.52847793432667,hgamma
2.8323366736993956,hgamma
-0.6009436270640013,hgamma
2.4165270264687075,hgamma
3.308539256369842,hgamma
2.985771134007468,hgamma
1.4491450334603684,hgamma
2.44605445448006,hgamma
1.4104139459361849,hgamma
1.7956875593934454,hgamma
0.31417307190244914,hgamma
1.2900819540446284,hgamma
1.585134292384581,hgamma
2.3151355963101885,hgamma
2.4352523541077558,hgamma
3.334856150334896,hgamma
2.510326426867521,hgamma
4.273838687874757,hgamma
4.462184877756989,hgamma
7.098966821817833,hgamma
3.4492595496196046,hgamma
1.1120729222428767,hgamma
8.405935019358212,hgamma
11.636071881133335,hgamma
9.377624778408597,hgamma
7.732026947216257,hgamma
1.8446381186772123,hgamma
1.1322095096765257,hgamma
6.916800150020512,hgamma
7.034397796011427,hgamma
6.870963696853634,hgamma
3.2188735512627216,hgamma
1.824775270980291,hgamma
2.2373336054979043,hgamma
1.4127845651538273,hgamma
1.1767220858644145,hgamma
1.886328924992389,hgamma
6.3610584771092755,hgamma
3.096743495740528,hgamma
5.748529788679572,hgamma
0.6631607802448821,hgamma
0.8113674191781359,hgamma
0.8769108810261668,hgamma
2.970599523934816,hgamma
3.190052604557985,hgamma
2.051361086177226,hgamma
3.6419858421521796,hgamma
1.5207839440874202,hgamma
5.486534197139148,hgamma
3.8840022119456155,hgamma
3.039233169480684,hgamma
1.5194450503501324,hgamma
4.5920537262679355,hgamma
1.41586268716563,hgamma
2.958266457147747,hgamma
3.063266784620511,hgamma
1.6227017329652447,hgamma
1.340327479865802,hgamma
1.7998935933081943,hgamma
1.577264393933896,hgamma
2.9044046971257393,hgamma
3.822689055511931,hgamma
4.156627748183345,hgamma
4.308578155500207,hgamma
6.266216135265666,hgamma
3.6353315330593516,hgamma
4.896246059471055,hgamma
3.6524143062094727,hgamma
4.747346885134629,hgamma
5.523688521277801,hgamma
0.012565691407139794,hgamma
12.26866235712851,hgamma
17.284362473897026,hgamma
7.644864174811934,hgamma
7.825645004891191,hgamma
10.12287831726911,hgamma
15.51090558345423,hgamma
13.145940219142501,hgamma
7.215658370064827,hgamma
-0.5227478179432038,hgamma
-1.3570621187378553,hgamma
7.692307450447962,hgamma
4.897500096637099,hgamma
0.6587297075292938,hgamma
3.494017503096515,hgamma
10.15015491363083,hgamma
1.2082551594996838,hgamma
-0.43686065615086717,hgamma
0.7908846776930502,hgamma
23.848951468867742,hgamma
1.163552604732082,hgamma
1.21465012551783,hgamma
1.678752570856797,hgamma
5.697582550253449,hgamma
5.861039038329285,hgamma
30.586138737877675,hgamma
3.627065601998901,hgamma
0.9340498487478736,hgamma
11.326078627481136,hgamma
0.4107999327045859,hgamma
14.371024075846803,hgamma
3.327343130431024,hgamma
8.968112131224524,hgamma
3.6049066568399333,hgamma
2.72613689679893,hgamma
2.4628996550671856,hgamma
8.968325296170743,hgamma
0.4278126645224597,hgamma
0.05022487859918342,hgamma
10.913996944109831,hgamma
1.684474100355124,hgamma
7.346529218740808,hgamma
13.703026246339137,hgamma
6.07315134706355,hgamma
2.523044551729881,hgamma
3.9510940007332316,hgamma
19.803595748044632,hgamma
22.075474297834653,hgamma
1.5579316438061128,hgamma
14.76046854836914,hgamma
8.256726676102115,hgamma
2.517665323872477,hgamma
14.559960037506608,hgamma
12.202601796110221,hgamma
3.281644623989769,hgamma
17.66082730976987,hgamma
19.363566291366237,hgamma
17.496924674762592,hgamma
7.453991925213106,hgamma
28.76894182470004,hgamma
6.933411143746325,hgamma
4.416640073064276,hgamma
5.357493810159313,hgamma
-0.11392195420549268,hgamma
4.518837820007322,hgamma
8.920414966472777,hgamma
27.357479506948057,hgamma
20.8950791944093,hgamma
21.24058176584791,hgamma
-2.8950541897573268,hgamma
9.710742729221954,hgamma
20.415430714748727,hgamma
16.646266580335737,hgamma
18.67761890477332,hgamma
12.260379853333237,hgamma
19.058446260619068,hgamma
32.3815882079625,hgamma
33.62857479710989,hgamma
12.627265644995836,hgamma
23.523921772578056,hgamma
23.675872842483965,hgamma
19.49826287081323,hgamma
6.615293089993473,hgamma
41.60505193953666,hgamma
5.876792215135184,hgamma
7.139955641063292,hgamma
-2.0525251393651773,hgamma
26.269953105309813,hgamma
1.9300933795121649,hgamma
10.837974270726072,hgamma
0.2802318547381777,hgamma
21.38105771259207,hgamma
21.895800029754923,hgamma
13.690989674933371,hgamma
22.47009589474732,hgamma
30.097897898287446,hgamma
22.766777085149922,hgamma
21.75501973570748,hgamma
20.417825574592076,hgamma
12.97262856572628,hgamma
