multiband,delta,theta,alpha,beta,lgamma,hgamma
0.2632095225226171,-0.00024134113215668052,0.18066152058395235,0.18932258772911736,0.212342070609554,3.7858952507852095e-05,0.016124554695410298
0.24430601436105015,-0.001024622463862146,0.12335587785620716,0.14071111722922958,0.1235980764925586,0.03145706862045683,0.05127275234774231
0.3945184254667814,0.25378993630854696,0.255691983486274,0.2664066794508134,0.36842470556320017,-0.0025183009296980696,0.04320095503719301
0.29818448431816413,0.08284818451012954,0.13186531279948277,0.22128215792193429,0.23963230488193,0.03197519158759099,0.07203549121066988
0.4545535811379965,0.33230787279884355,0.3361757102090521,0.29142498853237575,0.40351596955643987,0.011469456076922069,0.03709670877125082
0.5832495034231711,0.37836366788251075,0.3747343247764139,0.3396309046485263,0.4899323528721644,0.03625986599946618,0.03234332921858074
0.29015741245675664,0.011548535267235982,0.14629737690949995,0.19005899831497097,0.11858252578275064,0.05862839080315618,0.09668465695233153
0.40289630468325643,0.29833488119681606,0.272972225481219,0.24538909779660356,0.3458867412681167,-0.0022438338671046942,0.03543852604953179
0.5566787671097994,0.358191076012803,0.4393393397057247,0.33925681229784654,0.46139236600497613,0.11405043654045455,0.005365016832569736
0.2909326648346,0.19336259437661474,0.23219152038753677,0.22263267106296503,0.28625200338327395,0.003632522407210348,0.050936622983737134
0.4502147118891793,0.30886676143011293,0.3635628207411504,0.3033173822994678,0.3951457765358225,-0.0009113518350702954,0.058468467027769755
0.41638699867277096,0.20705804740704736,0.15324641358414082,0.14481530289167655,0.2590018272672072,0.17605011819583205,-0.002148224376121277
0.3090130160891206,0.027169248430704007,0.21596075327489694,0.21041989804188643,0.24458311121563447,0.05555264801732662,0.08655697703163878
0.5595772067814078,0.44779701766380364,0.33691555410258733,0.3356084118415922,0.4650151636878246,0.06868637123032562,0.03238504833570255
0.7050324265934874,0.4525350213260273,0.4962551697025265,0.41185082352618474,0.5777005928167354,0.17075900828118928,0.014523865222158872
0.2496412315342127,0.12904842994826027,0.14725757246776938,0.19226574015750053,0.19811698585714643,0.04832900191419143,0.08860328954984997
0.23596833577180165,0.17894337005861094,0.17098439082752837,0.1753464568129406,0.23138046002951107,-0.0002370068366983613,0.045297300346638036
0.6020766441068854,0.4453384968474011,0.4577514802690106,0.39164118642670953,0.5270093555299799,0.10920967284456895,0.047256686997645514
0.6487410840772573,0.47446274790415544,0.4608899941700787,0.412959257386713,0.5672004323864737,0.3769030545855442,0.0004899904962050172
0.2221828800774983,0.06441579769169603,0.09433871003490091,0.13175222442672463,0.08450507332705337,0.09328651601909099,0.1302134707466862
0.4438319813204874,0.3176570326522459,0.30298547937315734,0.2855340271142808,0.37921907443245695,-0.0008471687752364954,0.07350225643761632
0.27284580165495065,0.16778503724855343,0.18347801427276145,0.21121631878822678,0.2603508494816037,0.010188980583692442,0.06461418958695642
0.4520603772874905,0.3324794730602231,0.24392953262259431,0.2998149623767946,0.3813274659254916,0.1093334832659677,0.029882619382039732
0.4797703922906993,0.37609881456889815,0.42171189541722487,0.3383463684508292,0.41363764152132654,0.2610743618158513,0.007627135449748357
0.40282258230815515,0.3203081421619577,0.2994492439950249,0.2823872134371739,0.3389556488105251,0.2417987603181211,0.015626268815294275
0.2876794027662304,0.1873661838041346,0.2526778401340457,0.25667692267916886,0.2880907967035825,-0.0016522427137215523,0.060315587051092856
0.4490174819013659,0.3859041679452069,0.3043829501352806,0.3227119741944561,0.3787766904176476,0.27382258899659884,0.032065853007289924
0.40750275191145025,0.279694401621325,0.2845064779317088,0.28305202512130667,0.37239018604952534,0.1323950945505442,0.04470335733545783
0.36804571426124666,0.2723798808027432,0.2544543840260757,0.27572956057963327,0.3307682453175086,0.23252268280166655,0.02440758677772603
0.2803602445547886,0.21814477969247137,0.22704514197491688,0.24698670494497887,0.25514222270964115,0.13496167827273087,0.019205727008897888
0.2884196235830242,0.22025764466037634,0.25340671940485304,0.2531611828237096,0.27679744005367724,0.15216371257918904,0.04514320266902927
0.18205832436230773,0.08599426091007878,0.01928110991950238,0.03990323033740639,0.052750279744597006,-0.0025091887815666958,-0.001937692338921826
0.13170272527007698,0.01971454548768259,0.021284599783639613,0.02016449553171873,0.057333263075619145,-0.002500244304026955,-0.002358391628988654
0.10084183110236933,0.03430580316647758,0.0075147070784244985,0.008878233729721074,0.05828588629569065,-0.002103397744850577,-0.002513218176784404
0.3145851049063795,0.07631295683227834,-0.0015672983104006999,0.008936886806922728,0.14465424195273635,0.006835299931918448,0.017107096914895425
0.20355411913920896,0.007191297480829695,0.06108558115474627,0.0633713403348618,0.11017707287316825,-0.00245190453655586,0.003793823675255159
0.10150905470102212,-0.0010540010404742617,0.07251643081568415,0.056390140075241235,0.08346609319083453,0.014834303873152432,0.008030017650749954
0.10528917152982908,-0.0025161504471165053,0.06729590218106574,0.045943448855400915,0.0816519501243288,-0.002410102967911776,-0.001812665222985066
0.26669146924234277,0.0367747354567749,0.03868686058887061,0.04286835511882181,0.12324295385293138,0.0003896356333127349,0.0002459084913479792
0.2200532285137986,0.018073602222524188,-0.0025120953628774423,0.021220848833971018,0.0867544181659391,0.005718045564799046,0.008871246524422727
0.2826168674189693,-0.0009740582853767776,0.07822509430654079,0.0772995468149934,0.20398105609792472,0.01172453321801048,-0.0009385658928693363
0.2718051460243952,0.00219264726505497,0.1306224059939296,0.09243203581387449,0.2086607192706077,0.04312612843942898,0.018610863469810446
0.1651856394188096,0.0342691988785333,0.14548328401455868,0.09946752526992997,0.13991589430083617,0.01270590496349877,0.003529684007739675
0.19339502660723518,0.01372267206497424,0.16855088010750585,0.14770610638024517,0.16054752026757424,0.016742172257953714,0.0016092833584271382
0.15926279430997847,0.02580169958738565,0.12663962837850518,0.11627623659273778,0.1411720187891523,0.010880027968481532,-0.0016043388747661869
0.30001079939523634,0.03798795878218553,0.2518414561397574,0.2500344156980654,0.2849864125306919,0.018331561196017643,-0.0015668508740167564
0.1717874068159596,0.003398586799819081,0.11919617964726437,0.11535411686607544,0.13772755580543428,0.0189742443597698,0.0008751166381288922
0.1838926415580575,0.02226786466459263,0.143609889907528,0.1504302189506438,0.16203345645064227,0.009645180984962254,-0.0017413977930247349
0.23242699037465486,0.022353450482367587,0.11756012017952833,0.1688374637115564,0.1472734933117359,0.07544673048902073,0.00504141180736839
0.11376975152331048,0.006751054563702064,0.0656611052489291,0.10651701674485792,0.08424866098946526,0.019610970979347386,0.0014683148692749004
0.28107328930415176,0.16187018282792132,0.24564980709356,0.22660000245921508,0.19504872541889084,0.052381906130812506,0.004549110124226763
0.28502447589547497,0.07855716106312172,0.21109823548344597,0.24116618344066476,0.21691572681523497,0.09790323416717184,0.006091349857670569
0.2881892970591756,0.11674052939719237,0.22746641694625624,0.25740651050395436,0.23680177913541378,0.12922758970958248,0.004383485435140999
0.2904950948261442,0.07100012616482254,0.22741931061150067,0.19956586879235527,0.20838792953643148,0.11081115830273414,0.024077100774624105
0.2825747158499553,0.11643841819476985,0.1949726534359313,0.19181949573312385,0.24813048487218392,0.2116233876886663,0.00574013929106465
0.2513373393425663,0.035140606210549596,0.1394471013581572,0.19791853254081848,0.19085338790588624,0.20592257390142754,-0.0008187124499632326
0.3718872059427104,0.13037802632438455,0.22681924723033342,0.2816291862745085,0.2322615234982608,0.2455897395742218,0.005082215385949662
0.3082851636666858,0.20272652865259433,0.23867511235762517,0.2583622925009629,0.2758217732111313,0.2510617974849888,0.013423452183859541
0.40356775086092633,0.16879192312860503,0.2063521898536944,0.26468510214246055,0.23138766080834738,0.2725206142708918,0.004449318533732982
0.3170207600555973,0.18202394782363807,0.2409686143196339,0.25628748593202566,0.20304001765207003,0.1851733237195754,0.015214931026434453
0.3042351212064913,0.16271023823249586,0.24027844883238958,0.2946581946506338,0.25516074749165707,0.18322219839828402,-3.7325148388278606e-05
0.3580210406327443,0.18014644619902687,0.24637987134299466,0.23238099930943368,0.21716885679050302,0.22758679123771208,0.0060559864372714545
0.3815229503346348,0.1534913721058947,0.30374609873029634,0.23763005149308414,0.24753908121167223,0.2703608188924016,0.0332692399499277
0.2713516308595283,0.1514230775987263,0.1877809424486071,0.18857810234722494,0.24221962172542133,0.2664028513349438,0.005088595655101558
0.3467282217261396,0.12346243341328367,0.24525767407575771,0.28407406637713417,0.31691767944684324,0.30463731184492704,-0.0025128525723006057
0.32433575950577165,0.1899306784293855,0.21358268174128214,0.144821277798188,0.19374105152208732,0.23436757992940904,0.006488222869910243
0.34206009764316236,0.2203426954333495,0.2520070013676089,0.2518455661142861,0.269571577075038,0.2964610268938672,0.0034536814748307165
0.30387740352885395,0.23653112644059504,0.2223832580819204,0.18494632534297084,0.24044418591209005,0.25122328178009623,0.011640430982920669
0.23584279307005285,0.020468409076102367,0.10974150988137021,0.07311640722461432,0.16430648841000095,-8.253569768301716e-05,-0.0007899035489051798
0.3030007093897529,0.05658371349673985,0.18228554021137988,0.13577151797788345,0.28795887373298945,-0.002036755867137252,0.0016452295569822084
0.2850112292598227,0.038518461915783564,0.11951019679424368,0.05697967300054063,0.19880765593576133,-0.0020196172964324077,-0.0008998002120237381
0.21390298107989703,0.05949664051659165,0.13393870047166234,0.12211650676142949,0.21234105105184853,-0.002451388275505062,0.007441128161810973
0.2436708393323499,0.14463203898030808,0.20727388015921167,0.19742879141361047,0.2410999020531147,0.020993028742432807,0.03218265150346544
0.2004400983586354,0.14912549572253453,0.1579966392166614,0.13920195378446076,0.1635310970901681,0.018612191578999515,-2.1070919636212437e-05
0.2546564996950019,0.16921145372275725,0.24509384705826465,0.19024872780003244,0.24542035853705968,0.057850214694375346,0.01660148197958855
0.2931248801326024,0.15631241921454375,0.2458467565907746,0.26386246170573935,0.27658041206259587,0.03532815098445674,-0.00010812069772470068
0.1755921555663652,0.09958607852465173,0.14685475555583016,0.11725261990969571,0.14112633122606777,0.02740570162457845,-0.0019499369747097983
0.19533393133829535,0.13952576295075336,0.19436250449157677,0.1869890933128756,0.12437024276584074,0.036926714391832594,0.017206425654678226
0.30020247891208285,0.13031443417356137,0.24723452908651944,0.24842391430656574,0.2725651605330278,0.10534349747130944,-0.0002646571377251661
0.20077301855879515,0.13838504473094115,0.19558015855214705,0.19858659867220974,0.17986875132049085,0.09835599411440843,0.010963140179856112
0.32809565174483657,0.19014556820160466,0.3082051186846526,0.22883383663981371,0.3021379387012718,0.19444609811225588,0.03668628377570016
0.21100699192449457,0.1595419772437494,0.2039100715557305,0.19951132189926268,0.14295754704952068,0.07505069235263806,0.035266923442559106
0.27656191110071393,0.1934045424880544,0.26833411818549113,0.18863456615239016,0.24749538565538443,0.16088448997192017,0.024152010691486536
0.31055845295799445,0.22970580509387784,0.2857248122680689,0.21956585343299906,0.29916448082147695,0.2625285649154264,0.009031928800511402
0.3616809339593545,0.23479491903652894,0.316743860546266,0.2332359883439934,0.34523689801726176,0.3185087496664025,0.014496534130595373
0.04219175213756454,-0.0020673562363613396,0.027928690506777154,0.02465432269711898,0.03544080183054388,0.0021209609779444527,-0.002188763677774652
0.1380290041355412,0.017689564041663663,0.059645276851434725,0.08739980391801161,0.08399712229827094,-0.001859443753684742,0.007420241128777261
0.10509945564319301,0.01476147524489535,0.09225367547877561,0.08759100022675037,0.07641298284322617,0.005105573285573817,0.002138401312598348
0.12398651592067622,0.020907474210259513,0.04364213727213495,0.09071138929237832,0.08949925391140967,-0.00010186944043844015,0.007227695058701578
0.1853450226281722,0.002778955290988039,0.07201245736851425,0.08754367092801907,0.15289142874483008,0.02874632879133221,0.026295121319516723
0.12043523675912793,0.004870250030651779,0.013438002940004856,0.04957915134070312,0.04060645076658098,-0.002154747300349369,-0.002210507338290979
0.17330753462665704,-0.0025118780983504063,0.06099180773395607,0.0508149928074324,0.1287696661158274,0.014333120315217607,0.0016745367398058875
0.13849019694796372,0.0035309160814677165,0.014450517513784011,0.017391245429617452,0.038749167443196786,0.07157477001441126,0.05316384609075109
0.21352862256049354,0.02140452512990576,0.149209341862778,0.11004301732385047,0.1677851259801394,0.025966943786218555,0.00944581349423479
0.12472331713705054,0.037237692029868596,0.05157211688049357,0.040844434762761006,0.08732234840683017,0.018933142284912274,0.006036674110690421
0.23756275761225454,0.057791541966969895,0.10569365584985535,0.06788800432495634,0.20391609122471877,0.042470293753118726,0.035542753892743195
0.23074229457143025,0.0808416704224596,-0.001196907166742367,0.041453116497150444,0.02348935328128221,0.014148192236156487,0.020367248431402696
0.15630639094465093,0.06253447753842578,0.0015560173449798986,-0.0001643312439725264,0.047127904830670975,0.007425422180206254,0.01724875312525831
0.1666182866607926,0.0005494988180521077,-0.002451831176743857,-0.0024003837900155034,0.06704899867574465,0.023692192034509008,0.03192218141672987
0.17297939669770934,0.0743928619430736,-0.0018098941925976941,0.0005658896125355639,0.04162043918796565,-0.0011577160786115925,0.005678707286130735
0.17864764414146161,0.024574027343896465,0.02493150547016032,-0.002049310615888089,0.02039169107137906,0.007738874043231814,0.01439589110345918
0.17604691728501165,0.045711468072966,0.016380101045515683,-0.002458634402084048,0.02185349465810349,0.010116299200169432,0.020125838336289892
0.21935783957446797,0.002789778510708718,0.004417872173087312,-0.0018579313844955259,0.07157613018095987,0.020937554456766594,0.026755684019386328
0.25906591501111065,0.0842797702774487,-0.0010565030824289945,-5.92254257614222e-06,0.07665176182417377,0.005948070613029044,0.01635625740209945
0.23093829818375966,-0.000663519388700573,0.06247168556614091,0.056455405050378715,0.13998784607747716,0.0785197940788609,0.07623901833294922
0.1519092405125051,0.017236112354229727,0.0601370905599814,0.030821874799295212,-0.002507905095876062,0.010455768378389907,-0.0007510255044551606
0.07502906179342317,0.011874477100030756,0.0022292738891628305,-0.001768355054361015,0.0076449286931793425,-0.002476467357090506,-0.0025077362322192265
0.18049735340437434,-0.002516672883479565,0.021879520738949276,0.11754688443799222,0.08632968712452804,0.007944358483783387,-0.0009119600355695923
0.15167378856087,0.0001479644741581021,0.10525180242877863,0.11836529882821534,0.11484481180162143,0.016982529133375723,0.006791527340503034
0.11034798446685379,0.00704817184573403,-0.0023029980012103657,0.04177655261522839,0.061896951798957156,0.02795798928827209,-0.002173104833796957
0.17557343157711436,0.0882714134215612,0.17720584444799636,0.16475036978239121,0.13438809206004743,0.01388032435872888,0.04126814720529348
0.25399701056859747,0.14095857269066092,0.24769707521644324,0.18680417600077426,0.2116654093643533,0.14159441089637792,0.024069221294934162
0.1416464041393255,0.01601668562436087,0.09933063061365122,0.1257749941852362,0.1257889824400812,0.11908889909798004,0.00379642501560995
0.13054921080610138,0.010451122729163709,0.0758009946369077,-0.0025168579467151897,0.01565521050660379,0.0010813432897206487,-0.0016485246370321338
0.07335367869502052,0.009691704820621982,-1.2331620245387143e-05,0.03621119480470225,0.012337268513141875,0.012621706366554464,0.011505912809054886
0.18383838964336396,0.0889872614673628,0.10046003143673155,0.03510345717467345,0.00030149357550501854,0.001584730474062157,0.001974855973770895
0.034325462319773514,0.007582236184523139,-0.0003861238761211361,-0.002102113698506436,0.02496668632647181,0.00028444320698728376,0.0008025448687077885
0.18010795009691127,0.05786762149526892,0.0680640772375889,0.05192947969917916,0.031149721531117613,0.006832745740849133,0.011708142452955372
0.08083714982358636,-0.0018961635382448438,0.04659869762041058,0.058296434878727044,0.03211682917429448,0.045630753175877725,0.033381830138409785
0.1890945075723991,0.003995235076101333,0.06127675842955116,0.1352257303340365,0.025425337184107444,0.05663494628102328,0.04338803702127414
0.1482021695756225,0.011113317903022057,0.08197524208715046,0.11920237945986045,0.05049143911907239,-0.0006705299408000798,-0.0016324626640646933
0.27374377380275905,0.030701491536707093,0.14486661539524648,0.08439050459261566,0.18814268593318206,0.10558758900039422,0.09322594321213185
0.1574597803943879,-0.0022524330279929394,0.11662109110298113,0.13121562433193268,0.12272756951733299,0.017581690081634793,0.011879934081741816
0.07335357498364992,0.030610943687599868,0.05005531983510658,0.02081007514211697,-0.0024642421733418463,0.006496508880812879,0.0014639485826405396
0.06871589839738668,0.011526001941715047,0.04306970629175666,0.05942799428016021,-0.0022226557630986576,0.017625909637332904,0.008672463002905362
0.13325902389743627,0.0009962661977475085,0.052296551437920225,0.03337251453922652,0.018184304318190958,0.04712469741251324,0.05525580387157436
0.1958951829643083,0.08930444710944485,0.12115601820335153,0.06343822574630953,0.18329126439259869,0.02327340240991449,0.00555576406462277
0.06767926002678215,0.023240261144616303,0.02698769284929914,0.02253321215577897,0.0483442593040907,0.027127938564951548,0.014346983649566769
0.07579763291578179,0.020336024820475807,0.015022033351028918,-0.0016030088423060196,0.007837955187131151,0.0008227311653503655,0.0017431015176716524
0.14663189589471082,0.06864678276283587,0.06519502252313725,0.02603668212715682,0.07281379707962277,-0.0023863494826792397,0.002330500197795571
0.12306035602599752,0.0459457471020025,0.05087044467736834,0.015179960640388845,0.05430599482289333,-0.0023957249944031034,-0.001990013237578081
0.12556298356201756,0.08377076697515096,0.09084681367882419,0.06552438128530902,0.09432802968809217,0.011413503401742187,-0.0017913157603970387
0.11514798562048545,0.023338422665167724,0.046001598288690326,0.024759136834734408,0.1012386268225991,-0.0010699458029233,-0.0006166089146841802
0.06415333719207961,0.007661376793526298,0.004509359468928831,0.0007600052034200111,0.01832055813489175,0.00019832285180465536,-0.0019261322879413623
0.20722370344880214,0.038942575406125224,0.10473188235871211,0.10902704448994105,0.1846892808563808,0.051414586615306734,0.03344396490846002
0.1816800898943992,-0.0009744264195772345,-0.002454447885662736,0.02877807262528509,0.09705680281007134,0.012487631734277471,0.025387422702502938
0.09136187981093302,-0.002047852826883023,0.0005123347250113319,0.001665892601927399,0.05325760806895441,0.00017047073365861198,-0.0013680636024016035
0.12000644477897981,-0.002464226128331859,-0.0006267468570908541,-0.0018389355151047226,0.03486251639776927,0.03227090639812191,0.027099349428044817
0.09239375583440468,-0.0011081728255650791,-0.002514788881560648,0.010973285401723376,0.041861309643718814,-0.0021418242316315617,0.0012540221670093166
0.19475929215462506,0.005859659662178718,0.0019941650620990403,0.07399722525113428,0.10880383195155807,0.01055876524121524,0.006311681743984332
0.08472528617546204,0.0032830649374445686,0.02011614301642617,0.01756165259115805,0.06803567165395641,0.01092210127252613,0.008343003205569577
0.1127838788549832,-0.000156942615952671,-0.00040478086278583625,-0.0013786191231266454,0.05629664651791455,-0.0005923973208572519,-0.0007084477307406356
0.03384942850909778,0.010488402616092407,0.003013345976882076,0.016581555522942493,0.006699355496480375,-0.001249194912328555,-0.0018675798740539484
0.15410886535064572,0.10915541945827634,0.1306346333939814,0.10471911977315274,0.1555728568831174,0.07295508092093883,0.0425739419985125
0.24244749412770294,0.1767511757719099,0.20728003614557666,0.1830981417017029,0.21972523761428708,0.07315764011475534,0.08093545473566865
0.09676833014621433,0.022963694227807308,0.03326429636385719,0.01359133302557114,0.08410794546314271,-0.000325680095424552,0.0013329820567729023
0.06186212703908689,0.011021843555172217,0.019157626983609344,0.02865284670479762,-0.0021870560674170925,0.049087460376082914,0.04193041128526054
0.09554417051300124,0.047752777521422374,0.06891399719291191,0.009068088966220023,0.08518727740041387,0.01827303159403859,0.001807210329833664
0.07088919221208712,0.047385376182265904,0.037577254354488,0.018916381184632014,-0.002431124065826795,0.006154524657408955,-7.576290301036792e-05
0.06856153966661738,0.0387368984920603,0.03132038608732912,0.014430660774717663,9.348516733342915e-05,-0.001998716192498584,-0.0023987447312960875
0.09123091098945946,0.03058541244970292,0.029037117739624918,0.005510854202624427,0.04014324154580884,-0.0008702344990274558,-0.0010031294685284298
0.0793930159598758,0.027313006399049766,0.04394445827626614,0.0295170483749706,0.00044585447664469147,-0.0024467603475482047,-0.0020122968754936466
0.15310572441933923,0.03233780326545943,0.02514869943069098,0.0703189640429982,0.034947230116157635,0.02842837150729971,0.03275439263661839
0.05357199555869452,0.04158552120629211,0.03035634116436814,0.022244758111454987,0.006326339243767687,0.006907273265801761,0.0016462397991631184
0.0654081759772206,0.003558034284764866,0.06270240437810926,0.0530568787963136,0.011916647653665513,0.02723727063622372,0.016582057683010576
0.12438558744252604,0.004044831681823902,0.03584359761769651,0.07089730094309266,0.06450686808166961,0.013615462288273705,0.012673141013354372
0.1306634527082935,0.0055613924073855125,0.07016233510896885,0.07236235183273532,0.05441013718319232,0.025500638208292625,0.018033023841593
0.08568778097238217,-0.0024931389893345646,0.06400490383557123,0.036746520987849585,0.030133813513869123,0.04218411009542433,0.02465985267799342
0.12064294982879842,0.008124174444624765,0.09492871789754043,0.07988140795360177,0.11622294582118398,0.01860788475890429,0.008877298142270784
0.026932980637434434,0.016203953075467403,0.035866323078950546,0.024401494994737316,0.023441902916749746,-0.0022830588996274326,0.00023623854102139408
0.3034392382811415,0.15472857598019352,0.19871146371390414,0.10479347959697782,0.24128883258577682,0.0049559320009374686,0.07103890626091136
0.027352966654813016,0.012132563234114824,5.51195226697887e-05,-0.002492757158173209,-0.002502728325427972,0.0011158092829408606,0.0004688573819636721
0.024073661742190833,0.01628815298518249,0.006676162250177753,-0.0003160140954567847,-0.0002681534719159995,-0.0020449511437625745,-0.002218120189711792
0.0880737226091366,0.053224938541098665,0.0002704344211413856,-0.0019208391753597898,0.0058708625261071345,0.011734525070469126,0.008195651547518334
0.08334156991359232,0.02443602722203042,-0.002243928338109491,0.0014789284726525187,-0.0025042424406986896,0.009191563513579859,0.0003261919458648066
0.03582550328669254,0.0332411908430611,0.0231965386271068,-0.0009193104582982947,-0.0008871656359268343,0.006602585904831648,0.0038400870119760233
0.1395327934591768,-0.0022858447366831403,0.03855990131969833,0.06794302119301443,0.10689549595823167,0.013147367454622083,0.009261323006257483
0.0990000387050296,0.019281881718176463,0.029091456940614102,0.02819754729128343,0.0004008767530991886,-0.000761784924509179,0.0028217952566057525
0.08765367625478526,0.026974773210369785,0.012338725622306312,-0.0025056023531391247,0.013788455307369385,0.01759347316979465,0.017987012826583215
0.07817309402434047,0.0407722357157041,0.04101740523676167,0.031854488791434266,0.022625995512005947,0.03004313887755239,0.018620176513571063
0.2203834153202714,0.09332515312531764,0.06511286699890662,0.05018709250242104,0.08465703380655554,0.0039252108390576135,0.0076537372315343966
0.13936475640966772,0.008286913879709257,0.007823919779159305,0.049531030794092046,0.05355889291013516,0.07210014510967899,0.05660410195413401
0.1336202937021198,0.020500065225272368,0.04285420087428027,0.03405031451049101,-0.00015794162387083865,-0.002518455282201737,0.008306747875163722
0.10343872109242147,0.02507088287406556,0.034229966507403065,-0.002480629070110263,-0.0022522069628150287,0.00479846958286434,0.016213586624951315
0.10463587006439978,0.03829116783419195,0.023059308865586492,0.04505841558282142,0.028734326186065084,0.051320254035007284,0.034071723587346225
0.23978411585059645,0.026443727812903606,0.07197423373657452,0.11067309254985547,0.03965568224500948,0.02329825955366438,0.030407146123860307
0.08236170654324015,-0.0016642565985951485,0.008415360588874599,0.03759441254564877,0.0036927621242140996,0.013239402920043442,0.024674859383021386
0.06335795079778606,0.020869484351336953,0.0428620294049995,0.04759034362364534,0.0106502084809178,0.008427094628352227,0.0010365037036756952
0.0995407814558873,0.00806087739772332,0.04169546467811036,0.06902906224761463,0.016700097718600704,0.0031564855439669692,-0.0023337513962833345
0.018796816127311988,0.017214305329186774,0.0038075812222587713,0.005811743960858706,0.012946658421790103,-0.0024982968416695783,-0.001998110996283886
0.17305017532717293,-0.0011664128423873876,0.029695708900039364,0.00951108617537988,0.023034270811109203,0.0546112432281628,0.0843973064411252
0.09170642957954123,0.032363353818848806,0.011126772126462292,0.01100079621535055,-0.0017332889812018415,-0.002516039948020632,-0.002452580578240049
0.0766213694523088,0.022857978480088414,0.03550709216845682,0.0267758762353425,0.00028318291790585537,0.006434998519481039,-0.00034516067104606307
0.11226210518943658,0.01966084011395175,0.03372627900104641,0.024733877101168922,0.0028351033017626204,0.0019910956903507193,0.015520306668586503
0.011612050161716847,0.008476440518858874,-0.002171939434355563,0.0005861318196419552,0.003032546053668428,0.0065829228410350105,0.007967398653634272
0.1061968791124217,0.025486522270220413,0.06259912689122504,0.06118643423297676,0.026088346986255617,-0.001883737538322272,0.00014511340809642004
0.12429416706827301,0.010031783123870097,0.05171975453792377,0.057632678630365475,0.02763756225592806,0.0043841031550326814,0.019180189423422256
0.03042962105949687,0.021611844568134253,0.01020410223410173,0.004238782116887552,0.0011796085632964637,-0.0019359764409092595,-0.0021238229018958332
0.10650623666860581,0.0024848614897221566,0.0037179645571038256,-0.0007662131059134047,0.023931712522766824,0.030561831080681445,0.008157794424373921
0.11056181259262188,0.04602925378984679,0.036498879821223795,0.04886281287584582,0.01663538850925428,0.06282926027294933,0.09160583423916502
0.17673996958746008,0.08481694784809368,0.10337681780115993,0.08121062125846912,0.05230354305548468,0.07795009975800082,0.11516329264787994
0.06917615071201688,0.0033563244046657115,-0.002514465846784386,-0.0016979564278025716,0.006495433125214944,0.051066976425206745,0.0418173259954806
0.12551480090376765,0.06032294667472837,0.014437371034675794,0.054012450856001926,0.0002604334233189398,0.05876935418686524,0.08415012860054705
0.16706715579916154,0.08573861405034822,0.05891105169774058,0.07521813315827941,0.04613272572175864,0.05650198709786225,0.14247015393247153
0.07250113993138474,0.0039670986070297065,-0.002303640105618676,-0.0024329653557564335,0.005244864744113342,0.03307743871408808,0.03085855704742202
0.09525545061051677,-0.002504168216483693,0.011018576217164067,0.004130447809271298,0.03350291302589414,0.094770137217285,0.03373293432092972
0.08464382094834177,0.00021575850496891036,-0.001749995720790709,-0.0018072709720728941,0.008424734910332465,0.0737849295605687,0.059786318827777074
0.07324771320548396,-0.0025187961348021037,0.02442611274680906,0.032170851354335284,0.03140415731441548,0.04693267065913753,0.022935117352173795
0.08772561406509038,0.025413829010313194,0.009910162062666816,0.011236113678343096,0.00660778654558325,0.025787187762247754,0.07637661287503617
0.14658769517592052,0.014728792062019491,0.03874810512417115,0.05470880803992151,0.002012297431920662,0.038504660357392306,0.09697463587738175
0.30068390752725727,-0.0017219752904238383,0.2583775327050637,0.2254787202525005,0.1924153180001965,0.0022989308397696195,0.015990015453344997
0.29398938682766174,-0.002517246831478692,0.22128204926823802,0.22524676019253043,0.19245771608594653,0.0342705576393002,0.0498147851585099
0.33733472979437806,0.2398080315520903,0.29126962952186075,0.2715262713802863,0.3268697542048191,-0.001669040373090569,0.030833533183563078
0.5262487432253119,0.35328358573598806,0.36964828573665875,0.31173434594898786,0.4445239259028364,0.00634703182502705,0.03347406893938665
0.306121097904013,0.15413125132846484,0.24605461191357503,0.2833266939039446,0.2707777451162545,0.036277780644198065,0.0596263684930427
0.49364019536858506,0.31240130406372113,0.3777460438855026,0.3094190098981494,0.4173579884125881,0.0040984399643769764,0.04611297365043254
0.33012551732293993,-0.001279560543459235,0.2545619871077208,0.26947842406579137,0.24936183699152636,0.03682280999855625,0.07322515810196328
0.6338136057120172,0.35774401420738544,0.485809502452065,0.36488483091917456,0.504378031737226,0.1206143133002131,0.018426639754061114
0.38075385396841055,0.2710204295969706,0.29328877139170606,0.23323367811946538,0.332038506942293,-0.0021833888488862474,0.02960802702840626
0.6170918202658747,0.32167461461286806,0.4161127792260463,0.33184372459607436,0.49000425364100775,0.07121487044688746,0.02077329670409378
0.4510097354588418,0.30883180140584965,0.38004949530921894,0.302067038543832,0.3929006213182754,-0.0023001168530651928,0.0557194124716518
0.3150900983721735,0.18023462238329413,0.2732338126824735,0.2224765664861703,0.3085870603062675,0.006352056186066712,0.048346761965309404
0.46021246960663464,0.21320105521830335,0.19988194492570754,0.15906538558207806,0.2873468071047254,0.1667787082647938,-0.0016156422698361261
0.2786836595449098,0.02655179316293521,0.21415656846565567,0.21872150541094226,0.2186390791663736,0.033244008957138194,0.06493363777103434
0.6484778029420195,0.503900818232768,0.507332416895745,0.45038841772220306,0.5759359200871478,0.25207746326390346,0.01755044761074087
0.27584908722042145,0.1773130108474532,0.18377173191735896,0.19732515509270943,0.2531011152470678,-0.0017305708835730904,0.024305721439799144
0.25237699021804283,0.04978519978247753,0.18472094505798353,0.16294587635368918,0.11234526620225371,0.07807787391558108,0.10548617466683585
0.6241207781199752,0.38961784213925965,0.4453229823025302,0.3646881747123504,0.5076112070431968,0.24575375866001958,0.019534368613079223
0.4791131735757961,0.3702283992509243,0.393567178089126,0.3350762107613744,0.4239838733005613,-0.0010031310264415616,0.08960761848894305
0.32145024611288786,0.2223684826968757,0.25397083624544614,0.24031409889626398,0.3078665695892582,0.01909277003597798,0.06538641409877177
0.7246410403957342,0.502919487717066,0.5303064862889006,0.4085547307814287,0.5652157906648612,0.47203197150160103,-0.000738071889241354
0.41479930979734914,0.2967193833820113,0.3497233676583239,0.32978149409431723,0.39881867687417816,0.046474119135296754,0.03532917616436149
0.4651624239339407,0.3989224833254743,0.4168089760142407,0.35237195759312956,0.42093147589745616,0.33424855105463736,-0.0013385609762566197
0.29731746110112944,0.20072565083418348,0.2907725130674571,0.2417556814359214,0.2825651308939465,-0.00044054771666002246,0.04665064077450032
0.36746230536393487,0.3133317005925027,0.33687387147053705,0.31235479435728775,0.35070462282535386,0.2590116578849584,0.023004565332570115
0.47376252848146183,0.3608818429176971,0.3975853246159724,0.35937567361350076,0.43543545486707247,0.25923904435512946,0.02816805012256951
0.4527754756758908,0.36316633061129966,0.36283005571811344,0.34589612511717516,0.4216504481187965,0.1478090252034141,0.03413395681111808
0.29342460811760906,0.17676267577318994,0.28953939084654023,0.2585176852214065,0.2875177793777194,0.14520291837925425,0.032295445294394876
0.3046231922200776,0.2445343328801447,0.29599932281542274,0.28066626366289926,0.3059745836229646,0.2366727022650864,0.042090177299867415
0.2906285018149344,0.19726240314058818,0.28913585649520723,0.2536736459776672,0.2515802660890649,0.16135585882203385,0.029471661780309688
0.19287866309186275,0.0567349780901677,0.0482961471632789,0.06699163669214925,0.06851786265506365,-0.0015476084592767059,0.006777069746068842
0.1543351094929467,0.020136266814907655,0.10042068837431539,0.08995062455614478,0.07768673379090008,0.017383043693548816,0.011174886184415311
0.1377257092860451,0.02505389821456505,0.07191211731015501,0.06938554715684542,0.07310898801345622,-0.002437269295893385,-0.0025188437208498726
0.15277182782796128,0.039893473917303024,0.056351139507756276,0.035723997090112314,0.11072973931338315,-0.0017218348138499096,1.4104264226100227e-05
0.19365517045269254,0.07148305734273885,0.03928452370378832,0.01811452845265793,0.11658716864815943,0.0005772439427934595,0.0051822296909245225
0.18166451241061632,0.026992778254766647,0.0625366064206726,0.02516547115620138,0.11268255359534685,-0.0005940933802648374,0.005054769091817901
0.15030465855310438,0.00895080097199108,0.11301973494799944,0.08649705378448624,0.0979453973254305,0.005917770531553068,0.0032608458034451004
0.1623278669818783,0.007892186202842821,0.14612825640488492,0.08723230032312224,0.10674470874199693,0.01620845808295679,0.010813714943341268
0.14223166354591155,-0.0013602501281972934,0.08345790471724313,0.09499456110908722,0.11015600935831449,-0.0005949106355132017,-0.0024505351102430684
0.14087107583222203,0.019019594459156686,0.1221345774445537,0.09785222304837238,0.13542992020352673,0.004224797316215723,-0.0025038762293365657
0.1705743525465282,0.0002478401581550438,0.08320746475759011,0.0907103513735833,0.1330035093078148,0.005424715936450997,0.002706034092486931
0.1555944658731402,0.0024486759887620835,0.022508930081938106,0.04476113675934201,0.10284005120130013,0.003916193107702082,0.007003413995771979
0.21701580119376118,0.040033979919320783,0.15754368288931075,0.14593821525737416,0.21308182264261066,0.011572115312109554,-0.0014672058119122866
0.1996844019027879,0.007688900370561913,0.1396013898577222,0.1312086756007529,0.18393842600855492,0.023449967503773705,0.01199855839914632
0.26221610407329343,0.03822777978029501,0.2140463512587223,0.19292719988382412,0.23792395279084477,0.016682974008137674,0.007809498564107287
0.188445986459996,0.02751421832257639,0.18078089124347263,0.14366933006345783,0.15439446188120198,0.013665647717625795,0.000361298839263946
0.30348423372538547,0.07956768724449303,0.2812663923878934,0.2010038270881188,0.2245666504419329,0.01748177085774627,0.001412556427999201
0.2282407841802636,0.018879241992040607,0.19748397604617451,0.18567017483126202,0.1456390062076086,0.024775174172952164,-0.000494720174208263
0.3204416165261268,0.11065184757427293,0.28144290998889476,0.28996457424380717,0.27692011278475004,0.03135054378262636,-0.00251315735850155
0.14554177370900645,0.016331742453415732,0.08160474929211481,0.13543823111034503,0.08883293908294065,0.014663618776749598,0.005305787279874186
0.24728417425346205,0.08217653263246572,0.20744052102359278,0.21594357427657618,0.17156651585978433,0.020435581573431172,0.003763538450207604
0.1742849138211905,0.026138097774232594,0.17378096905477924,0.1229521444803442,0.09116106823739178,0.01099910281295069,-0.00036955094536939015
0.3098598036478388,0.10304614112885113,0.2595899450848975,0.24470327748182052,0.22196359839394786,0.1483491706042548,0.010454268928807076
0.29616559571280976,0.038256928885958996,0.08967524766927137,0.20045621100746747,0.1902837557992263,0.08765921611421246,0.0020237312216924153
0.2705065493307306,0.12209245174070649,0.22944468494784287,0.22780424059507043,0.19649457363136213,0.11908842073723569,0.015259954946264087
0.31932545114707833,0.14442138908414293,0.23662173143898046,0.24048821103171847,0.2094887660925625,0.2029514466191804,0.013748128975962892
0.33984774374502813,0.2022536886342462,0.2942270037546285,0.24254559974078016,0.21901519719590135,0.20834603220291303,0.015737510321092274
0.3463834682193644,0.2706509515812566,0.3005067947363763,0.25120243775533635,0.27462718263546015,0.24228200390502053,0.008084129507535343
0.30056276406031657,0.13456011920179922,0.2154543778628768,0.19962785585321385,0.20112299973299552,0.2226221454028049,0.013497825219353499
0.254237227908059,0.10285101292028587,0.1674666337831301,0.18227744458259543,0.2256854837178377,0.2055625035769728,0.015494159758185244
0.3706475548825001,0.13418903843878438,0.29536892707202433,0.277916569269422,0.27674692680021173,0.23536965315185154,0.0018733613688491912
0.3146094814199235,0.20960417525945307,0.23193294099318607,0.22221622782180173,0.25253215048038846,0.2637554022877502,0.02701000227709771
0.3526103472964497,0.13724479377615262,0.2838844861715155,0.1991963667275678,0.18774393614509166,0.21449735747984477,0.008860979052558782
0.2790295178786186,0.1379103518829874,0.18468324985050122,0.1231854406236147,0.16119156316112615,0.21254922451121827,0.006923077718988591
0.3781531381980968,0.16765998580018004,0.29931927614768494,0.2618414202045549,0.2412256926816706,0.29136379482822905,0.014489351476663193
0.3255948995090472,0.11957750841582249,0.2655034575637788,0.2635509146210363,0.2758559289826993,0.2570316662993646,-0.0017534181629281775
0.3471106871953322,0.28672515539560695,0.30603530857806405,0.22806201851223573,0.3344408657999781,0.26286915041273196,0.031680868698091835
0.26271455564218793,0.14312538189177082,0.19055497864943227,0.19261525774980703,0.21024109572113203,0.22698276924006566,0.02408113839035675
0.3160301855983537,0.14065093483946833,0.24074065781793874,0.20511933019022854,0.2298610004548628,0.2631367735734724,0.01615050003244678
0.2856349706063904,0.15593487261145889,0.21664899598205634,0.17695543702097016,0.2099830451150816,0.2144812150893065,0.041000347778149426
0.3405575275340471,0.07383941126315818,0.30654981801922376,0.22078522872983275,0.32091595975398735,-0.0024234234913123043,0.004031866638614434
0.26834136928475694,0.012426096053476776,0.1924820292574172,0.10507936737438783,0.21652188640203884,0.0021207405098658816,-0.0023493583531570827
0.2804431955454728,0.12465953834512866,0.2553104500551625,0.18281096077988734,0.2632835968506768,0.007685907250196911,-0.0006925253641671958
0.36213851172676204,0.19837357681765033,0.2545841663069227,0.1615264411472811,0.30772621657064325,0.004125383775471669,0.036176966515626297
0.3596118047160348,0.2226910552027056,0.3511084725685172,0.26316329620472345,0.3225966472528293,0.08820027209477632,0.029356115377526026
0.23847732565165203,0.16940099464823222,0.21533608979820074,0.21213322714311156,0.2166678079113017,0.0248240301859447,-0.002451552475334573
0.33750697907963734,0.20635149162538524,0.3085365430321446,0.24050033807772975,0.32277017781421935,0.1471719561486532,0.038486149981245776
0.20915765496145966,0.11022946721346583,0.19267541745191374,0.16921164322169158,0.19205102033364718,0.025922141118191355,-0.0009640945289621783
0.2977521643378719,0.12125563831191954,0.2752890809142864,0.26832929115843207,0.26119753857383543,0.034438497538325064,0.0026846542756010505
0.29056212619715605,0.24555148123942827,0.2691360394801804,0.226385054803674,0.24973826936094146,0.09368023421002658,0.015455859906492342
0.23054249808248706,0.17427079002242274,0.19585079727145005,0.1593053694960691,0.1868775840959771,0.055780415117908766,-0.0007430251279301192
0.3365180671013088,0.20610388756304276,0.32179917819305504,0.23575653226000504,0.2864734761997768,0.2072694544708581,0.0216737837560963
0.2825310831515826,0.16171363859446752,0.2393793510788056,0.24156962545324379,0.25794729061305155,0.12078868412507193,0.0063700164583525565
0.24600162655102964,0.14841430979563874,0.249021041815236,0.2292130899648993,0.18810494452432647,0.06545783159653007,0.012411718164457186
0.26333205096877743,0.14929072279328648,0.2259590057221854,0.188687959222533,0.26518841982538743,0.11346174961003919,0.03394826738258405
0.25653172460422047,0.18050955863871954,0.2570737306932336,0.2391803915446593,0.18179340583450798,0.0832159609243095,0.03944865776425299
0.251688429321008,0.1589931440677046,0.25242113134325117,0.21476465990011873,0.2265475065602922,0.13432659028744287,0.02380566468453227
0.2795816213646407,0.19516906693929803,0.27262664485683175,0.2293087405567955,0.2689351306475922,0.1662665497174649,0.02026512661409674
0.34310556130060454,0.25007788432215006,0.3037028085059019,0.232272131071673,0.3046657627162316,0.26169403026539684,0.024261697154634443
0.13843598474505037,-8.650950384936351e-05,0.12187413845498096,0.07166604898859619,0.05618692924261248,0.0009853024788545328,0.0028717638909739884
0.14329850939377742,0.013753959778570968,0.09660954299512992,0.14108076167172523,0.08291157846496355,-0.0017770594443697885,0.009061629786026981
0.22561550789275875,0.050303473590721626,0.1767276038211405,0.20395995010525725,0.14895702970332414,0.07695416253686038,0.0014338600936459889
0.16359089937666926,0.0035293574336651146,0.1112705113636614,0.1260288663558804,0.13152176364058699,0.0011326452208980653,0.0018759613624914628
0.22590712577622152,0.025680200286977484,0.1741569580911232,0.1262344474810918,0.20041459077603407,0.04102620524818257,0.013125209499736279
0.1810493281635127,0.02749691937104415,0.15974351734825165,0.0994312852147008,0.1353525040642901,0.037252835193298695,0.016495878979726153
0.12875129329436086,0.007734993873870111,0.10496854638605124,0.08555054644732007,0.10533025787726591,0.02572143459719789,0.0061810801486267275
0.13981139366559459,0.03244106348188902,0.11349216038840815,0.07114777458807064,0.12412083460761736,0.0296146109085057,0.010708735044761775
0.16623330196808583,0.08091968818145812,0.14291958896863177,0.11583373512924078,0.15288883415954024,0.02935758011349887,0.008459346395319645
0.15209490758788824,0.034179811298270746,0.12893966669731372,0.09729937984798942,0.12187863409590427,0.022624370434430552,0.002561166649699742
0.1089116766532845,0.017694184449874806,0.05145316893843843,0.014220876143342998,0.056608836096351034,0.012678554393276031,0.005931247205038903
0.0756203577343385,-0.0025185625934931455,0.03363133476661784,0.0782075547564437,0.04095923591512307,0.004391294558299896,0.002346332371656712
0.15835963864372216,0.07456743560132717,0.01720952381320273,0.0324821030422473,0.020081382526406566,0.003794433550488696,0.011544671994330957
0.10037676720902766,0.014349884853862127,-0.001453252368413871,0.0034432868759866064,0.06153211272618031,0.012986769389899178,0.022587119173947068
0.11566261335926575,0.038677594101965584,0.015324252598548638,0.018598979518516523,0.06206656864807891,-0.0004905609518643939,0.0052136415143615444
0.15799078435906455,0.04533884737058336,-0.0010419509512487046,0.013173082876094866,0.1027913585248621,0.011134675161370233,0.01957826475912039
0.1280103730264529,-0.0009101571425247368,0.0005345445656044223,0.007239706760368225,0.044800140436265457,0.00648116779125385,0.015931436903973917
0.10343520456323663,0.02996412602000842,-0.0022456371436601064,0.002083844296680737,0.025319206182687348,0.0020090397292210627,0.010554966780752961
0.10545677584211233,0.022990429001218393,0.001038109677215182,0.001088298244727004,0.04998448699375535,0.0022398646903190045,0.011493988291345514
0.12802165375088004,0.01931576077550934,0.04303060338534914,0.05104739047398954,0.11979548917930849,0.024977275254584708,0.029831987279634542
0.08952410684120915,0.011033352715837608,0.0012885640724412672,-0.002381167489861724,0.012810442493540353,0.0007881738771320368,-0.0010530743778107698
0.0754608647881998,0.021163377086399926,-0.002230261978551251,0.0016528009257265053,0.012802088130848821,-0.0015564209248666305,-0.0019850749431189474
0.18353669271961448,0.016468415934145608,0.012933828268537284,0.10177866938396485,0.0935526910110217,0.01015353408964148,-0.0009832346688514182
0.12183994424237898,0.01596658939013451,0.10547889669334043,0.11844978107878779,0.08020505278127965,-0.0012056718265973654,0.0201084263332596
0.04417765107007421,-0.002325694748367191,-0.002028685628259641,0.02213014763030141,0.024741208588700436,0.014904904616687253,-0.0017160339399759916
0.18911879152108058,0.117845897498844,0.18966433359751889,0.1800869388641132,0.1441121359182972,0.03541590756219448,0.027516588165094724
0.2821763452409153,0.046477292307711915,0.19554854701619906,0.15320984163737583,0.17178169501460905,0.10264978042784423,0.01868220619963812
0.15386635825710704,0.026276619261969558,0.0575826090178988,0.13630679740443996,0.10388680585407906,0.11858711021593593,0.0011954080089999763
0.06083215456521607,0.0074742507990278595,0.017712934206219444,0.047387776363713274,0.05136181788015648,0.047111003354366465,-0.00037197722890747187
0.022793362338467738,-0.0016601222233743052,0.002229774254930872,-0.0010067334575249998,0.024195085424282725,0.002818417317315025,-0.00018947903672472677
0.09283273608355191,-0.002442646760533851,0.015456418134597305,0.024702686231513726,0.0042215127946063635,0.027087652354566782,0.03303319606292765
0.10477681335975275,0.08499235729420263,0.0431320423374556,0.0026838882434855327,0.0027059879221492666,0.009543835817157564,0.003046396733946466
0.046219865869257526,0.021408029289232244,-0.0020902630601244976,0.017378654278933925,0.032864288337354775,-0.002459038527470536,-0.001978405460884014
0.07420170581218255,0.04157455866277171,0.004814657300984626,-0.0025159220938262283,0.053531655581353976,-0.002320864266582623,-0.0024562102370269123
0.0932547680152025,0.017892238801643146,0.04592898786687016,0.041705438253183624,-0.002326874418558056,-0.0003672784698183218,-0.002464149287035422
0.21802257816850823,0.02494539743128199,0.07770867608759424,0.134679287904234,0.08886372877881765,0.018752403762192893,0.022091329840795537
0.03527368994888003,0.0037607710620694013,0.01635253337056608,0.009989296229465094,0.00431816155509579,0.030903037307349113,0.019015236544886238
0.04515046934985967,0.038798519827532574,0.008009199141792989,0.0043370173185933725,0.016359648248965297,0.0047457776571440125,-0.0004259664552450637
0.23765818529754135,0.009375997169586814,0.14946127446631974,0.14624733160006198,0.15867811729355807,-0.0008973778183736236,-0.0014555119502648317
0.035530596572941,0.011778092049321454,0.014875574601775243,0.02326705911889837,-0.0013442633146338867,0.011209799044689994,0.008741923394749218
0.2904592230002877,0.006455445184839981,0.22710228400835442,0.11347889693277169,0.228790156306797,0.00020182973490423528,0.0005465366492459767
0.1529931503943378,0.0023125283632093874,0.057732803648625985,0.07607776482095441,0.051855227760784106,0.03582114643806733,0.031167296267071487
0.06650251521661332,0.03047009750581775,-0.0007226910855193669,-0.0024871825414742865,0.0068821653066183375,0.0002456959005346926,-0.00025253920929269036
0.12002702785626085,0.06872024316136238,0.03302631557045277,0.006370628841881221,0.04362971940304394,-0.0015895365856797294,-0.002493074551167762
0.197723829428313,0.11935750238089637,0.12227051966531621,0.07236874896422973,0.14672480075094807,0.00878581756913599,0.010709013592852812
0.16610525671087195,0.04368839217475484,0.14259948714893222,0.09023206677470319,0.1251774627055363,0.018555204704131856,-0.0017613220461418777
0.12805099006149445,0.08378395174277609,0.08656411940169229,0.06390006587524133,0.11399794709917732,0.010599945448326653,-0.0025130844716998446
0.14722436800984928,0.08798380284024399,0.08696314853387521,0.04671389372103585,0.0960354438467047,-0.0006201587651188945,0.0008797800470594641
0.04352712877942777,0.022857970885321155,0.008860352576229746,0.0013646870117074439,0.025841966717881415,-0.0023648187992373337,-0.0023964700597183253
0.15776683931280255,0.08687964801105064,0.07643879985922986,0.04870736439106815,0.11169498438597336,-0.0010068700656837848,-0.001728361267782974
0.06639552744736488,-0.0024308744041057206,-0.0014805293545709919,-0.0024400904435757376,0.03659889925321114,0.01122855937231304,0.013493340316487079
0.08183337092492815,-0.002518169915117996,0.0065727019419072885,0.00043468973366356245,0.08095113216554428,-0.0018900845859892712,-0.0011105795288914866
0.1888169386773314,0.023888943122249984,0.06074968362129329,0.03125263698632996,0.14947083670230377,0.006794930236503349,0.004171997508306324
0.2396239636412303,0.006317081452619777,0.06371257813597231,0.07060088773776796,0.10757042785599213,0.007570774352827825,0.009258183767092643
0.12256291223141413,0.0015507192260900693,0.01216925422380466,0.010960991751165272,0.03291246547556348,0.005266940175642221,0.011046108594924942
0.11849770619882383,-0.0014142580987805964,0.005496466750908757,0.006230200218422799,0.08561496126216228,-0.001814842517263715,-0.0017853864776853356
0.07436572742443215,0.0004200095582671537,0.04849978112274145,0.04343077443737109,0.0421714280383636,-0.0016147541435245216,-0.0021142270053873258
0.14780636690243032,0.000306288528338583,0.0074470815454349415,0.0728657808433264,0.05529100125430875,0.023979045316579906,0.04091668617975064
0.06426436883863706,0.002004584741972848,0.013617730181696208,0.0004735268679989524,0.039140828793350346,-0.0020862041920761687,0.001345641057469038
0.11013853422191133,0.016454206291226292,0.07165733070061453,0.0383936478679362,0.10092554872478066,-0.0018579467087422863,-0.002339389939187031
0.08450069866415355,0.004921795526698802,0.02958070323119999,0.05545173921495672,0.05545997333660824,0.0002575430622092645,0.005727418542240459
0.1278405833336025,0.009150844031194705,0.04384314315840643,0.06373137912793847,0.10130606482033655,0.0014730838240454291,0.0014476474821523144
0.06560433092260409,0.036146162713871166,0.046864886197389266,-0.002502731129711,0.012794099432878459,-0.0024085393569031055,-0.002475388057264327
0.12680683407348903,-0.002517167045259505,0.02201168500391304,-0.002432902397150105,0.010304114224780614,0.004005986680393758,0.00969143440923892
0.10342057071692601,0.020008395462191575,0.058856252056557534,0.028084484738290727,0.05375405964982738,0.006746408586809527,0.012713324011405236
0.1380664763505286,0.00451714239858414,0.06493491704169396,0.08884245982531036,0.09044129512260557,-0.002502199186539933,0.005034746161663883
0.1048328337755654,0.07487354962986015,0.06266752336317583,0.07733259410621551,0.061538418078393775,0.002264628547652636,0.06283764107351453
0.1754061238073953,0.07495105947486647,0.06608767582644726,0.08024020719379477,0.054411882048194804,0.01232680223575966,0.09657358682039896
0.11219523506996254,0.015935325430207925,0.021982487584482735,0.05611828687860476,0.005274995057581999,0.05280896667053325,0.0446748931918346
0.06497585906282899,-0.000504932107493028,0.02656548759663868,0.037352539979274346,0.020232422194107147,0.012709643024866546,0.010125595889105221
0.04997002921498439,0.004833985279843467,0.013263499528054834,0.004798653182246815,0.026627818756134625,-0.0007320110305784056,0.011231845218636516
0.062079530353204015,0.025466825337251864,0.0527761074126506,0.004105018545664141,0.0496311072822605,0.01879790830832273,0.006647914717638148
0.1135450062691229,0.0428799941490241,0.10606894315061521,0.08703775967632799,0.08039782736609857,0.0005060206240700138,-0.0024905110059496582
0.3098146174696058,0.18384766519361306,0.2924027984285307,0.22383296669685349,0.2733841103594036,0.0007179231910340311,0.052764527893571
-0.002455556283585514,0.0019883829208631187,-0.0024736798841114016,-0.0025046067725715826,-0.0025027691949170983,0.004586889018154738,0.0037137670808721213
0.07922046888532452,0.049580988470602105,0.025751590387045664,0.0047796305998912825,0.023114583225601115,-0.0023740366505644594,-0.002289954897782387
0.06895102362330707,0.038517513363087064,0.006298234788371104,0.0005452858054983967,0.010035100227521965,0.00832138966492657,0.012579724995156805
0.016660469894858587,0.0037496677924057087,-0.00026314065901478223,0.0036173416987623774,0.0010569926987057388,0.0029419908193367705,-0.0013377991226233288
0.0235574962443037,0.014008141251629858,-0.0012883965620158477,0.00204543751405617,0.0010394257543343555,-0.002514268460073632,-0.0007733663325630857
0.04743850020179252,-0.002227717076014102,0.005440496211852608,0.031198388444696135,0.0026946255179886025,0.026594042152831898,0.024117674776626297
0.037899866551856065,-0.0015835918871762722,0.02112765788397497,0.04566194256566547,0.005048479256443583,0.0004428905502509295,-0.0008475731373820405
0.04088236754968666,0.023065577142233784,0.0032391996978732296,-0.00016712010587016657,-0.0017666430797771415,0.0010928492108485122,-0.0009135898471834825
0.11627604161058813,0.008461390307276662,0.04282984494720499,0.040199683877767844,0.026966542415498784,0.05599175025289682,0.04247631465152457
0.046878622920481394,0.030691668053497434,0.009838239831616247,0.004982801029807971,0.00377424104990709,0.02152498589809737,0.013137337419971251
0.10243195325436572,0.00829618999211168,0.031656523832487404,0.009419110700479294,0.013376354899531928,0.04655651925007964,0.03788841845191104
0.04465671380689895,0.023591958633237375,0.00083019187951483,0.005817152809261428,0.01878885533642738,0.00038281659576511196,-0.002396033718803592
0.10547479884227218,0.013178865613461599,0.033710498502113384,0.014565345306835287,0.01800203251300525,-0.0023020303682772525,-0.002199005721702063
0.09183565361712775,0.015438296750879266,-0.0024815542460645545,-0.0011391966744205284,0.010021085990259637,0.06243726096737379,0.04583881177243265
0.08148019003807327,0.017459046825697988,0.008059879462967268,0.0021215173739836946,0.0295902471091134,0.068953458308606,0.06723565121203212
0.06609322269953388,0.01686606902994847,0.007559635888354177,-0.0021255638058859105,0.010167489672874952,0.009357809837417075,0.01215057844054801
0.15738909857358208,0.029788552576932692,0.050559981764408235,0.0497710423311456,0.002797480560462695,-0.0018304026915236804,0.008663438353075592
0.1262054093947771,0.013132884424355673,0.04275892534314585,-0.0018110648033300425,-0.0001191778844178426,0.020000116496487808,0.033880175215013186
0.1046881028529223,0.02664492873759783,0.04330911932967174,0.02416751012654006,-0.00036469294570284916,0.0004064580732823231,-0.00030039948735649524
0.15854301516043334,0.05776125737493609,0.10109433362427522,0.07903947714846915,0.03845459157401465,-0.0006068393893376989,-0.002391374247728173
0.014769644055409814,0.002743776043236945,-0.002484762077616276,-0.0025188865934249183,-0.00198993952914317,0.01660439578740658,0.015004482856329049
0.04727189709863411,0.009232335349436793,0.028098784490660944,0.019062484428983173,0.0016124689784746682,0.009580124166378656,-0.00013685168897303868
0.12457377272662173,0.03447517927731092,0.08005906617972924,0.06812169509166088,0.031667898879204626,0.004698526648418411,-0.0020784774188420396
0.07056228983850288,0.03962426841208333,0.050484431614253866,0.04394526140178445,0.03759341656752169,0.006852775997731819,0.0016583629313304815
0.18664989649101782,0.01445474707628891,0.0029530152644725582,0.04680140939567479,0.02649898278477103,0.05060768146042738,0.06649880309534495
0.06541614989880318,0.027157520777962962,0.02015663993026129,0.019468619402068232,0.0010203991325158368,0.0007356116680174996,-0.0022835625969230833
0.10094701691881325,0.02708616992241797,0.050549537441907155,0.030316971441043505,0.021585369542594823,0.006487917796016984,0.01745078413043366
0.037726684080485406,0.004971012692846055,0.005725751516619471,0.008256963234433257,0.0010292413604500172,-0.00032890936361007483,-0.0008305199394664786
0.1873630563822719,0.06995724516738455,0.13441288289395448,0.11987028971060598,0.07782090487339843,0.07179061859830616,0.11184313594501971
0.17345993334852905,0.09466860072525074,0.029529579609928747,0.07428750044459176,0.0055091765290946615,0.08295131847082804,0.10111759844253054
0.3011588087985203,0.2196340342642008,0.26110984067906506,0.2430518918714406,0.23445647189663021,0.02153849898514515,0.14573977588998677
0.08858983900269979,0.014383495919116696,-0.0025188845727035503,-0.000558804676417779,0.005545402949452383,0.05822147162435298,0.040061149236626736
0.0765000970821531,0.011913169689052205,0.005072289683063946,0.011488149584557128,-0.0016646205456427587,0.04248617346543504,0.051164425211198905
0.09920027563528133,0.008273176819028283,-0.002450161511842186,-0.0021977798362298184,0.007884848035019765,0.07971223735007549,0.04885270791242702
0.07476778676354923,-0.0022719855358575014,0.008917125834834505,0.010404134905672047,0.030606003047072283,0.08017739537410451,0.027272408916167556
0.08369722774448873,-0.0024344563305824796,0.00019861922112773822,-0.0013910920726534215,0.008539985033431896,0.07201375911724472,0.027354098119297898
0.2994898624906993,0.08984596027103975,0.17149842832270956,0.22304252532705926,0.09416332785335624,0.0018739285043862797,0.11891130065943767
